release	package	version	tarball_url	npm_integrity	tarball_sha256	selected_source_manifest_sha256	selected_source_files(path=sha256)
0.1.2-rc.1	@deepseek-ai/dsh-web-app	0.1.2-rc.1	https://registry.npmjs.org/@deepseek-ai/dsh-web-app/-/dsh-web-app-0.1.2-rc.1.tgz	sha512-QGh+XWRgrsVktKD3YHw+cY/knwBESq+2TtyOGNc+V7GU3LG9qL6EPB0M8pIDjxF1jLls+M71LIVbevuFx3oZ6Q==	303bb4d04f53973a1bcbafbe5d23a6917bcab6d6e683636d44e7c7e36e922fc6	5763bd748f24df962ea0f7487752a1e0fe476715519d40bc73954eb79b85492a	package/lib/index.js=4ceb5591de88f67d19c2cd4d4e263ebe6358ec127e17c9fcc3c78b1c474fa066;package/lib/startup.js=95a47053483fbe8ec86711369b8791bccb592c303fcc89300458a4bd07c6c252
0.1.5-rc.1	@deepseek-ai/dsh-web-app	0.1.5-rc.1	https://registry.npmjs.org/@deepseek-ai/dsh-web-app/-/dsh-web-app-0.1.5-rc.1.tgz	sha512-9V2GPqEs0A+LFJVVPt7FQK//U8oM9S0TDhl6MqO7zQftimfnH8ruQZkEZXg9zXXEWULCW0vY1DtsPjvMepA8Mw==	9f8f93b063768f6d1913820ec09634ffe7e5792ffee668c3ac913eae9220ad73	b3c215d97de5cd57ac0cb41f3d13302ad718bf6130a13331cc93bd9660ce771a	package/lib/index.js=f93d006de823bad3e287062a3c8f23e975fab16968e7cbd04540d3568ee41026;package/lib/startup.js=95a47053483fbe8ec86711369b8791bccb592c303fcc89300458a4bd07c6c252
0.1.5-rc.2	@deepseek-ai/dsh-web-app	0.1.5-rc.2	https://registry.npmjs.org/@deepseek-ai/dsh-web-app/-/dsh-web-app-0.1.5-rc.2.tgz	sha512-Ng7YVDt9txh2BlLmu6B+V677c1bihbh/rq3EOtZK4b0JWtgdNgYb1KPIED8+aK2i+FghrCrIy6X60AyJ45eOvw==	23e24b00886749e042f9da1e80a6dacc9d606e1cb76b0aa5cc9bad684b5a69f9	b3c215d97de5cd57ac0cb41f3d13302ad718bf6130a13331cc93bd9660ce771a	package/lib/index.js=f93d006de823bad3e287062a3c8f23e975fab16968e7cbd04540d3568ee41026;package/lib/startup.js=95a47053483fbe8ec86711369b8791bccb592c303fcc89300458a4bd07c6c252
0.1.5-rc.3	@deepseek-ai/dsh-web-app	0.1.5-rc.3	https://registry.npmjs.org/@deepseek-ai/dsh-web-app/-/dsh-web-app-0.1.5-rc.3.tgz	sha512-5/5RmKor61XefcgR1Vk8Bik+dFQPpcsHCCh92pXLsbJ+geldqHeHe/XOrh7zUOsT0SvA6k1+Dz2WQAlZDXgvEQ==	075e73898376c03f27f2cbe4cddf320efc0688838f587ebf7e557676f2c6b992	b3c215d97de5cd57ac0cb41f3d13302ad718bf6130a13331cc93bd9660ce771a	package/lib/index.js=f93d006de823bad3e287062a3c8f23e975fab16968e7cbd04540d3568ee41026;package/lib/startup.js=95a47053483fbe8ec86711369b8791bccb592c303fcc89300458a4bd07c6c252
0.1.7-rc.1	@deepseek-ai/dsh-web-app	0.1.7-rc.1	https://registry.npmjs.org/@deepseek-ai/dsh-web-app/-/dsh-web-app-0.1.7-rc.1.tgz	sha512-Liqu4OfCldLdOHPs+LI8TlAM8Hhnf8keRAwTMTxJURuQfGQrsyEsAp1gQf74RivDymgTbrYTYIi28q3i/6ssOQ==	d9c5c671c1ba1f827318c64f313e232b5f5e275ae2df1bc5f783515eb163791e	b5db20ab91eb0f6deacf31d25b98c16d19ea532b53adc5d140af18f258fd05a9	package/lib/index.js=50c7ce5b93e8a7ac0117e066699cd31b553a5a135d38b7051d6a8364ac691af4;package/lib/startup.js=95a47053483fbe8ec86711369b8791bccb592c303fcc89300458a4bd07c6c252
0.1.7-rc.2	@deepseek-ai/dsh-web-app	0.1.7-rc.2	https://registry.npmjs.org/@deepseek-ai/dsh-web-app/-/dsh-web-app-0.1.7-rc.2.tgz	sha512-3cMgHys6X9N063HcjhFN2a3azGoWWDtH42/io33gcBZMZxbYP5Kevc4l/erwKa5hAzXtJ2FArjJAytJmy8WSKw==	388709f10068cdec1997c37a69c282961b6b02afd41871dbc2ff8a17db41e7b4	b5db20ab91eb0f6deacf31d25b98c16d19ea532b53adc5d140af18f258fd05a9	package/lib/index.js=50c7ce5b93e8a7ac0117e066699cd31b553a5a135d38b7051d6a8364ac691af4;package/lib/startup.js=95a47053483fbe8ec86711369b8791bccb592c303fcc89300458a4bd07c6c252
0.2.0-rc.1	@deepseek-ai/dsh-web-app	0.2.0-rc.1	https://registry.npmjs.org/@deepseek-ai/dsh-web-app/-/dsh-web-app-0.2.0-rc.1.tgz	sha512-Gho07L3/1hk0UdVc7PjYtl01CPRb9famTmgsw9KrzuBfUcv5co1gKdAJYF+urZdx7mqkux6lZDBqUNbOIrPgBg==	430cb785d6a800a6112a3b57d916d6450d90bb94134af19b3394ecd5a9b2e3f7	b5db20ab91eb0f6deacf31d25b98c16d19ea532b53adc5d140af18f258fd05a9	package/lib/index.js=50c7ce5b93e8a7ac0117e066699cd31b553a5a135d38b7051d6a8364ac691af4;package/lib/startup.js=95a47053483fbe8ec86711369b8791bccb592c303fcc89300458a4bd07c6c252
0.2.0-rc.2	@deepseek-ai/dsh-web-app	0.2.0-rc.2	https://registry.npmjs.org/@deepseek-ai/dsh-web-app/-/dsh-web-app-0.2.0-rc.2.tgz	sha512-pCIMPLfTKVfY942dP4eJSDVw7iUw86pemzfOr/e5DWP7CdCKTfvA82kP0RJAKJcyKJd8s679hqtCue/p4P20Dg==	f633daba9d434233f3664553292ca31e996ee2395bfe97e38631fd2ea4928d74	b5db20ab91eb0f6deacf31d25b98c16d19ea532b53adc5d140af18f258fd05a9	package/lib/index.js=50c7ce5b93e8a7ac0117e066699cd31b553a5a135d38b7051d6a8364ac691af4;package/lib/startup.js=95a47053483fbe8ec86711369b8791bccb592c303fcc89300458a4bd07c6c252
0.1.2-rc.1	@deepseek-ai/dsh-client-connection	0.1.2-rc.1	https://registry.npmjs.org/@deepseek-ai/dsh-client-connection/-/dsh-client-connection-0.1.2-rc.1.tgz	sha512-30g7JG+Z8bDj+ux+KsDfMSXPI6zXotMAFNCxI8O8mJiutJNlZxIL5LXQeDrJpVOW9MWWQkoMp+R+Dxzp5DNDSQ==	bf2663cb66c0fd07987dbdc5d197327e2452dc5634f816b4e2dae03146e1149f	c036bd3f13c2741a28ca7e3e77f35b6d1402b9c8665ab240c752d5f38f087335	package/lib/client.js=1b8e76d7fb14c9305e6d43ab03bd908328341537af05c4159747d6da33308257;package/lib/index.js=91b8e7b90c5189a5dc0f4eafc4a62494eef9b5a28ded0715146ddf1a31126c8e;package/lib/types/browser-auth.d.ts=6ae2c491dcfb1595091b1adaa9dde348863fe06e73d94c888b7377a6aa3bf382;package/lib/types/client/api.d.ts=b4890394b1ec11db9f6ffe282bd56da67d8cf52efcaa996cb4384811055b01dd;package/lib/types/client/connection.d.ts=160ac3fbb92eb80271479cc1e1d230e1e6cc834ecfd2820d0a304c282b7f258f
0.1.5-rc.1	@deepseek-ai/dsh-client-connection	0.1.5-rc.1	https://registry.npmjs.org/@deepseek-ai/dsh-client-connection/-/dsh-client-connection-0.1.5-rc.1.tgz	sha512-mBHCF/WT5kAn4fHJDe0mL5TcVUEIRWGUAwPzr32xitQrIAM6jh5G+pPVJLDtTk+ZbHGkGusN0+nQh2gCJpGHjQ==	967b8408388bf2f67c39dbfaea78308d2ad71f30a03f3b2930226d8140a233c5	d4a8cfae5a1f86a7d308e9e82594214aefef3e777dba94aeda2bdffa3ae6ff9f	package/lib/client.js=319cc46762af6ccb7ac74c9bab37ab8377be212dad9de4dba1f892b7e5b4d8a1;package/lib/index.js=bbe7c9aa6d82a7a4ec657aa8bc51064e12bb091be0465526d0b9f5e031f540f7;package/lib/types/browser-auth.d.ts=6ae2c491dcfb1595091b1adaa9dde348863fe06e73d94c888b7377a6aa3bf382;package/lib/types/client/api.d.ts=b4890394b1ec11db9f6ffe282bd56da67d8cf52efcaa996cb4384811055b01dd;package/lib/types/client/connection.d.ts=85cc887caeae60ab13bd91f627ce793a42402d8f880c2af0f3f1fc0d256509d0
0.1.5-rc.2	@deepseek-ai/dsh-client-connection	0.1.5-rc.2	https://registry.npmjs.org/@deepseek-ai/dsh-client-connection/-/dsh-client-connection-0.1.5-rc.2.tgz	sha512-W0GAZX01hAfrfjoZbtwEJ5ik3dG20Hy/0TFYJ6dnvwxtcacGYNIwi3f2oHpZgLcEw+PWwq1Y9IV1iKG+yDOytg==	4190037c501f252447d585e7e7695378687624eedd74db40c0bff2067ef2f673	d4a8cfae5a1f86a7d308e9e82594214aefef3e777dba94aeda2bdffa3ae6ff9f	package/lib/client.js=319cc46762af6ccb7ac74c9bab37ab8377be212dad9de4dba1f892b7e5b4d8a1;package/lib/index.js=bbe7c9aa6d82a7a4ec657aa8bc51064e12bb091be0465526d0b9f5e031f540f7;package/lib/types/browser-auth.d.ts=6ae2c491dcfb1595091b1adaa9dde348863fe06e73d94c888b7377a6aa3bf382;package/lib/types/client/api.d.ts=b4890394b1ec11db9f6ffe282bd56da67d8cf52efcaa996cb4384811055b01dd;package/lib/types/client/connection.d.ts=85cc887caeae60ab13bd91f627ce793a42402d8f880c2af0f3f1fc0d256509d0
0.1.5-rc.3	@deepseek-ai/dsh-client-connection	0.1.5-rc.3	https://registry.npmjs.org/@deepseek-ai/dsh-client-connection/-/dsh-client-connection-0.1.5-rc.3.tgz	sha512-pI/SLYMcfSYTgOSGxP1rM7gvkGNBL8d/CmUFidmoQ81IQKIZgLpA/QBrtY8ctUXOXJph8H3xdIJQmD/7f/NTyA==	00474d7aaabf1c4ba8db5320d9aa21f0da6e3c0b60b3ccba6633d3087adaebe2	d4a8cfae5a1f86a7d308e9e82594214aefef3e777dba94aeda2bdffa3ae6ff9f	package/lib/client.js=319cc46762af6ccb7ac74c9bab37ab8377be212dad9de4dba1f892b7e5b4d8a1;package/lib/index.js=bbe7c9aa6d82a7a4ec657aa8bc51064e12bb091be0465526d0b9f5e031f540f7;package/lib/types/browser-auth.d.ts=6ae2c491dcfb1595091b1adaa9dde348863fe06e73d94c888b7377a6aa3bf382;package/lib/types/client/api.d.ts=b4890394b1ec11db9f6ffe282bd56da67d8cf52efcaa996cb4384811055b01dd;package/lib/types/client/connection.d.ts=85cc887caeae60ab13bd91f627ce793a42402d8f880c2af0f3f1fc0d256509d0
0.1.7-rc.1	@deepseek-ai/dsh-client-connection	0.1.7-rc.1	https://registry.npmjs.org/@deepseek-ai/dsh-client-connection/-/dsh-client-connection-0.1.7-rc.1.tgz	sha512-lEH9Aw+rlQJIzlYl53tNZ6Zz60H/6CuBMmLO+f0K2kuBqgD4wbHzG8iMNPTrf6k4puPtoLM4/bNEIaSi8adehA==	d2cd928d6c8e8b13ce2b499c2093fc0940ba49b85bca6b681861e2aba90f957e	22254a93d9a7ce8e511d52919328917ac0227bdabb597383dd3accc91ac23c55	package/lib/client.js=0fbb93fa2382bb66919767f69c909585c6255486f9536f9232231edaeac8c4e6;package/lib/index.js=3950f524aed44e28240140a254cd928ea40eba8e2d04cc8fd04f92a687f5c91d;package/lib/types/browser-auth.d.ts=7cc73519f69965804c5513e8648e60cdae50046c3f7bb5849a49897fc9209d75;package/lib/types/client/api.d.ts=2dd7587ded0b995036fcb05f0065e9121e1cdb89ad545d856768d8bc28b84411;package/lib/types/client/connection.d.ts=85cc887caeae60ab13bd91f627ce793a42402d8f880c2af0f3f1fc0d256509d0
0.1.7-rc.2	@deepseek-ai/dsh-client-connection	0.1.7-rc.2	https://registry.npmjs.org/@deepseek-ai/dsh-client-connection/-/dsh-client-connection-0.1.7-rc.2.tgz	sha512-Wc2ANM5NO3Ri+p8wBoVnPxTYxz++zYSuEoVOhd498WMY779w0RCgWfRzHekPY5ftJX/G02qzWNHe0yBIoTpXXw==	0b8713c5e45cb90c2d3cf013645346211936c9cfdd6dadcf4d295033b8b08dcd	22254a93d9a7ce8e511d52919328917ac0227bdabb597383dd3accc91ac23c55	package/lib/client.js=0fbb93fa2382bb66919767f69c909585c6255486f9536f9232231edaeac8c4e6;package/lib/index.js=3950f524aed44e28240140a254cd928ea40eba8e2d04cc8fd04f92a687f5c91d;package/lib/types/browser-auth.d.ts=7cc73519f69965804c5513e8648e60cdae50046c3f7bb5849a49897fc9209d75;package/lib/types/client/api.d.ts=2dd7587ded0b995036fcb05f0065e9121e1cdb89ad545d856768d8bc28b84411;package/lib/types/client/connection.d.ts=85cc887caeae60ab13bd91f627ce793a42402d8f880c2af0f3f1fc0d256509d0
0.2.0-rc.1	@deepseek-ai/dsh-client-connection	0.2.0-rc.1	https://registry.npmjs.org/@deepseek-ai/dsh-client-connection/-/dsh-client-connection-0.2.0-rc.1.tgz	sha512-aMZvpoyryBUYpqIBxaC8+nYWcwluSCegIU5JIuKnWMyaZLNvMC187ZPm7Bbpvy3pR2hnfWqJaFkl2XQodGfGCA==	fdfdf5e5c4c3a3e03c4a7d079cbd0f74afd57dba5dba501ad662e6f9bedaa359	22254a93d9a7ce8e511d52919328917ac0227bdabb597383dd3accc91ac23c55	package/lib/client.js=0fbb93fa2382bb66919767f69c909585c6255486f9536f9232231edaeac8c4e6;package/lib/index.js=3950f524aed44e28240140a254cd928ea40eba8e2d04cc8fd04f92a687f5c91d;package/lib/types/browser-auth.d.ts=7cc73519f69965804c5513e8648e60cdae50046c3f7bb5849a49897fc9209d75;package/lib/types/client/api.d.ts=2dd7587ded0b995036fcb05f0065e9121e1cdb89ad545d856768d8bc28b84411;package/lib/types/client/connection.d.ts=85cc887caeae60ab13bd91f627ce793a42402d8f880c2af0f3f1fc0d256509d0
0.2.0-rc.2	@deepseek-ai/dsh-client-connection	0.2.0-rc.2	https://registry.npmjs.org/@deepseek-ai/dsh-client-connection/-/dsh-client-connection-0.2.0-rc.2.tgz	sha512-eL66YSZ0+HlWRzAPGU8jtCLd322WXBoMGN1g1OsM5T7Skqbbo9hSwV1FO3Lm0IcMZR3Y07sGPQBwZwf/l66T3w==	536ec548c42af452b5f5d518f4ae0f1c0c992d5f183a460544bf3329f7b2e70b	22254a93d9a7ce8e511d52919328917ac0227bdabb597383dd3accc91ac23c55	package/lib/client.js=0fbb93fa2382bb66919767f69c909585c6255486f9536f9232231edaeac8c4e6;package/lib/index.js=3950f524aed44e28240140a254cd928ea40eba8e2d04cc8fd04f92a687f5c91d;package/lib/types/browser-auth.d.ts=7cc73519f69965804c5513e8648e60cdae50046c3f7bb5849a49897fc9209d75;package/lib/types/client/api.d.ts=2dd7587ded0b995036fcb05f0065e9121e1cdb89ad545d856768d8bc28b84411;package/lib/types/client/connection.d.ts=85cc887caeae60ab13bd91f627ce793a42402d8f880c2af0f3f1fc0d256509d0
0.1.2-rc.1	@deepseek-ai/dsh-host-webserver	0.1.2-rc.1	https://registry.npmjs.org/@deepseek-ai/dsh-host-webserver/-/dsh-host-webserver-0.1.2-rc.1.tgz	sha512-QVcaf4qnIa1t215Y8TRiRhqkEz4Lu5/F+KqvWT+4sHOiyWmZr8g1JndqlwP6MBnMQEPmp0I/EKYJ7PWMV32gkA==	b819eaae81ab21e30c3669b1edba492084463099a7e522de64626cd9ccd55d0a	4f9be9c303110106ed27bdb067acd49758c0f0a5cacdacea64fde848dca13f02	package/lib/index.js=040500dc252b5c0f1e8f577af873e1ac4a38a554d2e6dc2f8c5a4c8d2245be4d
0.1.5-rc.1	@deepseek-ai/dsh-host-webserver	0.1.5-rc.1	https://registry.npmjs.org/@deepseek-ai/dsh-host-webserver/-/dsh-host-webserver-0.1.5-rc.1.tgz	sha512-5kOu9kb0AuRN60/zwPTRcki801ozgnWAFwS1QtQ4ZNgCYIbAiU8gwJHY1//qEpUOuHS+26k+Tqq5/WCJmLGE6Q==	dd5bc028a853cf86b9c1096c3f8b5646f297bccfbd91282bf8ede8a0ad5b08f5	4f9be9c303110106ed27bdb067acd49758c0f0a5cacdacea64fde848dca13f02	package/lib/index.js=040500dc252b5c0f1e8f577af873e1ac4a38a554d2e6dc2f8c5a4c8d2245be4d
0.1.5-rc.2	@deepseek-ai/dsh-host-webserver	0.1.5-rc.2	https://registry.npmjs.org/@deepseek-ai/dsh-host-webserver/-/dsh-host-webserver-0.1.5-rc.2.tgz	sha512-lFgGm9wDrHiTBANzsdoWzdfPSjWYuDFwCoNQ4Uko57Fo5XASL2unfRHGm1xZ828rwEYuGwRvJHMOuoP/17VmlA==	6a2a897c0e4ce59574bd0c771208680351bd7c889025cd7547122ebfd602ecdf	4f9be9c303110106ed27bdb067acd49758c0f0a5cacdacea64fde848dca13f02	package/lib/index.js=040500dc252b5c0f1e8f577af873e1ac4a38a554d2e6dc2f8c5a4c8d2245be4d
0.1.5-rc.3	@deepseek-ai/dsh-host-webserver	0.1.5-rc.3	https://registry.npmjs.org/@deepseek-ai/dsh-host-webserver/-/dsh-host-webserver-0.1.5-rc.3.tgz	sha512-ZA6s3Msj3fJw2v1L81wURD3/a7DFugJjWLKBH3askSXt2iIqChrULR6GfAGGrh2cDkw4w3nMIajvT11fReeH3w==	55107f8a81bf1c7a52b1c2cd922159f5b894898a19dcaaabf1972392ed595490	4f9be9c303110106ed27bdb067acd49758c0f0a5cacdacea64fde848dca13f02	package/lib/index.js=040500dc252b5c0f1e8f577af873e1ac4a38a554d2e6dc2f8c5a4c8d2245be4d
0.1.7-rc.1	@deepseek-ai/dsh-host-webserver	0.1.7-rc.1	https://registry.npmjs.org/@deepseek-ai/dsh-host-webserver/-/dsh-host-webserver-0.1.7-rc.1.tgz	sha512-av/dIbhYjR3OEwvKQTSXuSVLf+lPS3a4FKEDK9A89TdzY0VrI5g4lwMQ93StROrX/GOOR/oa1U3TyJpD4qfcfw==	44b9e2bfde659fb9c2fce0ed8d602767b0ab02262bbad78a1b69e6f2ee0d75a7	618fbf63522e4cc68d72c5a907419afe4063fc36b19d044ca05edbf86aa48f29	package/lib/index.js=6efea1375eadeff62d5cfb6d1f515ff75a939d40405a62e5d138e8e7a6b18df5
0.1.7-rc.2	@deepseek-ai/dsh-host-webserver	0.1.7-rc.2	https://registry.npmjs.org/@deepseek-ai/dsh-host-webserver/-/dsh-host-webserver-0.1.7-rc.2.tgz	sha512-0ex5NsJFvpqchfnar/IPtNOG5Tx7PmtUO3/zVptT4MJs5OOrvtjNYHpZ6DGntmnpupgXnci1cUsQJIfG3D+U+Q==	e828e6c1bca886537f96ad455fe98239a57f007ff4882f84752c8eb3ce4b0cea	618fbf63522e4cc68d72c5a907419afe4063fc36b19d044ca05edbf86aa48f29	package/lib/index.js=6efea1375eadeff62d5cfb6d1f515ff75a939d40405a62e5d138e8e7a6b18df5
0.2.0-rc.1	@deepseek-ai/dsh-host-webserver	0.2.0-rc.1	https://registry.npmjs.org/@deepseek-ai/dsh-host-webserver/-/dsh-host-webserver-0.2.0-rc.1.tgz	sha512-/LkuSWupB7vijPty3Iypt9DZrBli9wsNh/E485m+xgo4uBbgloANQA+nyIpB0n+N20zleyV4EFYbe6Lb6k2oqQ==	0ebef41935e446f4a8f7241640d0312a8366e37ab4dbff5e67fae5d18a34d46b	618fbf63522e4cc68d72c5a907419afe4063fc36b19d044ca05edbf86aa48f29	package/lib/index.js=6efea1375eadeff62d5cfb6d1f515ff75a939d40405a62e5d138e8e7a6b18df5
0.2.0-rc.2	@deepseek-ai/dsh-host-webserver	0.2.0-rc.2	https://registry.npmjs.org/@deepseek-ai/dsh-host-webserver/-/dsh-host-webserver-0.2.0-rc.2.tgz	sha512-0zvI44emJMRr928Tfl//cPJlx/hiTGWfD1zaDlXu35eGIgOATFJlTPkJLApJvJOPVPPAlSOSdhI2L+j1TnzStw==	3f4274e172f6933005f48ea0e7545a9233458d13f5e0cb9405eda998a219465b	618fbf63522e4cc68d72c5a907419afe4063fc36b19d044ca05edbf86aa48f29	package/lib/index.js=6efea1375eadeff62d5cfb6d1f515ff75a939d40405a62e5d138e8e7a6b18df5
0.1.2-rc.1	@deepseek-ai/dsh-api-gateway	0.1.2-rc.1	https://registry.npmjs.org/@deepseek-ai/dsh-api-gateway/-/dsh-api-gateway-0.1.2-rc.1.tgz	sha512-9jYky3tan2ZFAyaNP2+wbOvwGiUwJdvqqBVUJ6370+2d7OeZIfPu4PMLLFvPqGXR28a9TwuhWoT7i9gpHxRmmA==	4971572300e152cf8422fb617dcbf7d6541487a0623560082fd772a8480c2fa3	b6fcdba15b9efe41d8c3d7401ce33b711ba2350a0c8a1db868b59bdb5ad231f1	package/lib/client.js=55dbd591222b28e557e7d47368f7770114a88d97206e910fae940768c83950cd;package/lib/index.js=c69e238a1b9b7cf36950e05a6ad5e86228a476b956e4ad056fb9125dc156f8a8;package/lib/types/client/remote-stream.d.ts=0e1813dc1ded483b1355e4b7109f3ac6649e952344ddc1c7bea0de62df5f1e78;package/lib/types/client/remote-stream.js=54fe1b564617a4150017f2bee8e804a55633713d46a89c3659b6104039fd3410;package/lib/types/client/stream-client.d.ts=03ebc3eac92d189019f48e8d6449fbb45480692131161d34d281ed81a125b56d;package/lib/types/client/stream-client.js=97bb062a464f155870c8daa0f9974f8aed2f18ead5ad5a5fedb46dbd2658a32f;package/lib/types/stream-protocol.d.ts=a80a652f457dbf68d4b8deca6121189ed440e6aabe51f06edc295a7b27afb6ad;package/lib/types/stream-protocol.js=d1b92a567e9e0bb44ec87e63f85cd8b3b658ab542762f1aa79fd396dd453858c;package/lib/types/stream-server.d.ts=202a91029243831e79ded9d125f0953e7a3a7018bcf70a73acfa5276ad3bd7cc;package/lib/types/stream-server.js=1015ea800b9abd646284629685e1b10c6817bc5a004b966c5566f2fb732c7c61
0.1.5-rc.1	@deepseek-ai/dsh-api-gateway	0.1.5-rc.1	https://registry.npmjs.org/@deepseek-ai/dsh-api-gateway/-/dsh-api-gateway-0.1.5-rc.1.tgz	sha512-q/R5sJt8Q6D37mAQBM7gIB6mTC88qJ1WY6gLjtcwOn0GgSRwY17ChgIZq/b6YUxAJ3ykgKTeKfvAj8pvyRX09w==	575d4252c8f84ee893c6d2e26049b9bebbbf7bfe2e1b47d81a86488b207b89c5	34616b40dd93f5164b1b53c42bbd9edbd6122f6bc0e30045c60f753deaa2cf0e	package/lib/client.js=097fb9a1f19c61a330f3769ada8c52f3c1c26cf5395afe8b498f135489484347;package/lib/index.js=ee3b7ee01e87638813d0f304a8f7527d79e8e42990247116fa67086eb268e699;package/lib/types/client/remote-stream.d.ts=0e1813dc1ded483b1355e4b7109f3ac6649e952344ddc1c7bea0de62df5f1e78;package/lib/types/client/remote-stream.js=54fe1b564617a4150017f2bee8e804a55633713d46a89c3659b6104039fd3410;package/lib/types/client/stream-client.d.ts=03ebc3eac92d189019f48e8d6449fbb45480692131161d34d281ed81a125b56d;package/lib/types/client/stream-client.js=97bb062a464f155870c8daa0f9974f8aed2f18ead5ad5a5fedb46dbd2658a32f;package/lib/types/stream-protocol.d.ts=a80a652f457dbf68d4b8deca6121189ed440e6aabe51f06edc295a7b27afb6ad;package/lib/types/stream-protocol.js=d1b92a567e9e0bb44ec87e63f85cd8b3b658ab542762f1aa79fd396dd453858c;package/lib/types/stream-server.d.ts=202a91029243831e79ded9d125f0953e7a3a7018bcf70a73acfa5276ad3bd7cc;package/lib/types/stream-server.js=1015ea800b9abd646284629685e1b10c6817bc5a004b966c5566f2fb732c7c61
0.1.5-rc.2	@deepseek-ai/dsh-api-gateway	0.1.5-rc.2	https://registry.npmjs.org/@deepseek-ai/dsh-api-gateway/-/dsh-api-gateway-0.1.5-rc.2.tgz	sha512-jYDsxVyRnRI++f+hXqBJemOk6ASTvly1sO8ZRuoI77RR22r0nfTFiifxevbmUcavl6j9fgB/LL3X7BpXMy5QQg==	8c59fa6a40ccfea971e451bee8f879df0396f4260f38b3d9867ba42a36dca5f0	34616b40dd93f5164b1b53c42bbd9edbd6122f6bc0e30045c60f753deaa2cf0e	package/lib/client.js=097fb9a1f19c61a330f3769ada8c52f3c1c26cf5395afe8b498f135489484347;package/lib/index.js=ee3b7ee01e87638813d0f304a8f7527d79e8e42990247116fa67086eb268e699;package/lib/types/client/remote-stream.d.ts=0e1813dc1ded483b1355e4b7109f3ac6649e952344ddc1c7bea0de62df5f1e78;package/lib/types/client/remote-stream.js=54fe1b564617a4150017f2bee8e804a55633713d46a89c3659b6104039fd3410;package/lib/types/client/stream-client.d.ts=03ebc3eac92d189019f48e8d6449fbb45480692131161d34d281ed81a125b56d;package/lib/types/client/stream-client.js=97bb062a464f155870c8daa0f9974f8aed2f18ead5ad5a5fedb46dbd2658a32f;package/lib/types/stream-protocol.d.ts=a80a652f457dbf68d4b8deca6121189ed440e6aabe51f06edc295a7b27afb6ad;package/lib/types/stream-protocol.js=d1b92a567e9e0bb44ec87e63f85cd8b3b658ab542762f1aa79fd396dd453858c;package/lib/types/stream-server.d.ts=202a91029243831e79ded9d125f0953e7a3a7018bcf70a73acfa5276ad3bd7cc;package/lib/types/stream-server.js=1015ea800b9abd646284629685e1b10c6817bc5a004b966c5566f2fb732c7c61
0.1.5-rc.3	@deepseek-ai/dsh-api-gateway	0.1.5-rc.3	https://registry.npmjs.org/@deepseek-ai/dsh-api-gateway/-/dsh-api-gateway-0.1.5-rc.3.tgz	sha512-tN8GTynt8lgxefDik/t4dE1fYY80P3QPA5yZ4O0mV2N30Z903iFZeuP6EPsAQjmErCrIrvFYxPF9225eL89FVQ==	aa1cbac0c827d21f3718fce6d5047fc6b8fb0d3e84a787eacd1e48e01ce4c3f0	34616b40dd93f5164b1b53c42bbd9edbd6122f6bc0e30045c60f753deaa2cf0e	package/lib/client.js=097fb9a1f19c61a330f3769ada8c52f3c1c26cf5395afe8b498f135489484347;package/lib/index.js=ee3b7ee01e87638813d0f304a8f7527d79e8e42990247116fa67086eb268e699;package/lib/types/client/remote-stream.d.ts=0e1813dc1ded483b1355e4b7109f3ac6649e952344ddc1c7bea0de62df5f1e78;package/lib/types/client/remote-stream.js=54fe1b564617a4150017f2bee8e804a55633713d46a89c3659b6104039fd3410;package/lib/types/client/stream-client.d.ts=03ebc3eac92d189019f48e8d6449fbb45480692131161d34d281ed81a125b56d;package/lib/types/client/stream-client.js=97bb062a464f155870c8daa0f9974f8aed2f18ead5ad5a5fedb46dbd2658a32f;package/lib/types/stream-protocol.d.ts=a80a652f457dbf68d4b8deca6121189ed440e6aabe51f06edc295a7b27afb6ad;package/lib/types/stream-protocol.js=d1b92a567e9e0bb44ec87e63f85cd8b3b658ab542762f1aa79fd396dd453858c;package/lib/types/stream-server.d.ts=202a91029243831e79ded9d125f0953e7a3a7018bcf70a73acfa5276ad3bd7cc;package/lib/types/stream-server.js=1015ea800b9abd646284629685e1b10c6817bc5a004b966c5566f2fb732c7c61
0.1.7-rc.1	@deepseek-ai/dsh-api-gateway	0.1.7-rc.1	https://registry.npmjs.org/@deepseek-ai/dsh-api-gateway/-/dsh-api-gateway-0.1.7-rc.1.tgz	sha512-chRRfaPlbY7GzISe9FyhAH4savpaIRJzpV76UH0X4+NHLMbirH5kfWCxFnDOU+Wohn6kTy+DGz69a1EraQMJSA==	e0799fe8aa1710ceac1757b41dc3e167ad52e788bf0782b3fffb1abd7e88b6e7	e6bd2904fb3d9ded056ff207cd209458084119cd9ea3ddb2f4653ea7ae775800	package/lib/client.js=e09e26fcd4849cd55683b9cc702dca896efce93a5af3968431c1c8a62147b9cf;package/lib/index.js=ab72e05df730f474737be99e0035f5bd7152433f8a817d3d037876087e993172;package/lib/types/client/remote-stream.d.ts=0e1813dc1ded483b1355e4b7109f3ac6649e952344ddc1c7bea0de62df5f1e78;package/lib/types/client/remote-stream.js=54fe1b564617a4150017f2bee8e804a55633713d46a89c3659b6104039fd3410;package/lib/types/client/stream-client.d.ts=7e0a3256e8d5b41f9d5f122933297acf62160d97e888ecee5fefcc54b6587e87;package/lib/types/client/stream-client.js=55057f49fe44d97b350562a246a1493953d0dac0b783f3756855e50f27d98b4c;package/lib/types/stream-protocol.d.ts=8e969b8bf9d500c46eb771d50c058d3d677a8424b1da9a0adeda7597c9ecec61;package/lib/types/stream-protocol.js=ab4d8d638062a3f0e2330229550342eafe517ae0bbc47d433df4f7618b5bf5ac;package/lib/types/stream-server.d.ts=3ac3d820d544ad7b95584f0787b84aa228d4dc4704c90e23faec6a7c3c9a7b24;package/lib/types/stream-server.js=226c2b7d80b7d5a45c8374685378d9726421c6a63afb6ac04451afe465eb4c62
0.1.7-rc.2	@deepseek-ai/dsh-api-gateway	0.1.7-rc.2	https://registry.npmjs.org/@deepseek-ai/dsh-api-gateway/-/dsh-api-gateway-0.1.7-rc.2.tgz	sha512-CnM2kk7UQc/7MSEgNUG6V1CeWYoG7cS1b/IF7tpYEQihuswXGaBVPBsQSMZMAiU8uMyUFTBKm4POSJ/J6QiT2Q==	ba246af5af674659fdd81ce024beb681d41dcea0de4417cf3d5cecaffacccd77	e6bd2904fb3d9ded056ff207cd209458084119cd9ea3ddb2f4653ea7ae775800	package/lib/client.js=e09e26fcd4849cd55683b9cc702dca896efce93a5af3968431c1c8a62147b9cf;package/lib/index.js=ab72e05df730f474737be99e0035f5bd7152433f8a817d3d037876087e993172;package/lib/types/client/remote-stream.d.ts=0e1813dc1ded483b1355e4b7109f3ac6649e952344ddc1c7bea0de62df5f1e78;package/lib/types/client/remote-stream.js=54fe1b564617a4150017f2bee8e804a55633713d46a89c3659b6104039fd3410;package/lib/types/client/stream-client.d.ts=7e0a3256e8d5b41f9d5f122933297acf62160d97e888ecee5fefcc54b6587e87;package/lib/types/client/stream-client.js=55057f49fe44d97b350562a246a1493953d0dac0b783f3756855e50f27d98b4c;package/lib/types/stream-protocol.d.ts=8e969b8bf9d500c46eb771d50c058d3d677a8424b1da9a0adeda7597c9ecec61;package/lib/types/stream-protocol.js=ab4d8d638062a3f0e2330229550342eafe517ae0bbc47d433df4f7618b5bf5ac;package/lib/types/stream-server.d.ts=3ac3d820d544ad7b95584f0787b84aa228d4dc4704c90e23faec6a7c3c9a7b24;package/lib/types/stream-server.js=226c2b7d80b7d5a45c8374685378d9726421c6a63afb6ac04451afe465eb4c62
0.2.0-rc.1	@deepseek-ai/dsh-api-gateway	0.2.0-rc.1	https://registry.npmjs.org/@deepseek-ai/dsh-api-gateway/-/dsh-api-gateway-0.2.0-rc.1.tgz	sha512-HoBQyk/S5HtUJaQ3GDPWV2WvTq7BxVWlJoU4d/DYbpfzPdnb94ZUzY3fgi6g+xQqW2q80zq+k9tuJpVciypR1w==	64e7d7064f1fabd248c7d1cf70deb351df42afc819e6221179a19dcbafe98df3	e6bd2904fb3d9ded056ff207cd209458084119cd9ea3ddb2f4653ea7ae775800	package/lib/client.js=e09e26fcd4849cd55683b9cc702dca896efce93a5af3968431c1c8a62147b9cf;package/lib/index.js=ab72e05df730f474737be99e0035f5bd7152433f8a817d3d037876087e993172;package/lib/types/client/remote-stream.d.ts=0e1813dc1ded483b1355e4b7109f3ac6649e952344ddc1c7bea0de62df5f1e78;package/lib/types/client/remote-stream.js=54fe1b564617a4150017f2bee8e804a55633713d46a89c3659b6104039fd3410;package/lib/types/client/stream-client.d.ts=7e0a3256e8d5b41f9d5f122933297acf62160d97e888ecee5fefcc54b6587e87;package/lib/types/client/stream-client.js=55057f49fe44d97b350562a246a1493953d0dac0b783f3756855e50f27d98b4c;package/lib/types/stream-protocol.d.ts=8e969b8bf9d500c46eb771d50c058d3d677a8424b1da9a0adeda7597c9ecec61;package/lib/types/stream-protocol.js=ab4d8d638062a3f0e2330229550342eafe517ae0bbc47d433df4f7618b5bf5ac;package/lib/types/stream-server.d.ts=3ac3d820d544ad7b95584f0787b84aa228d4dc4704c90e23faec6a7c3c9a7b24;package/lib/types/stream-server.js=226c2b7d80b7d5a45c8374685378d9726421c6a63afb6ac04451afe465eb4c62
0.2.0-rc.2	@deepseek-ai/dsh-api-gateway	0.2.0-rc.2	https://registry.npmjs.org/@deepseek-ai/dsh-api-gateway/-/dsh-api-gateway-0.2.0-rc.2.tgz	sha512-syeclzuoVpGor6JyDHcxg2Iwy9oeM76y4dK8abY19x1s/eMgJMCO3kL/IeKPg+d0Go7aHPTEyWRvCmfkA35U1g==	7eca32ea7b828709a91f4af96e0f2b85abaae353c0116493182cf205f8803557	ba26e37a9d0d9c68fefe11428987cefa3c550aacb1beacbf68eba7d9a3eff400	package/lib/client.js=e09e26fcd4849cd55683b9cc702dca896efce93a5af3968431c1c8a62147b9cf;package/lib/index.js=12489aafd3be30c606824f52b45f682c42f95448db89f2458bba87fa944a50c0;package/lib/types/client/remote-stream.d.ts=0e1813dc1ded483b1355e4b7109f3ac6649e952344ddc1c7bea0de62df5f1e78;package/lib/types/client/remote-stream.js=54fe1b564617a4150017f2bee8e804a55633713d46a89c3659b6104039fd3410;package/lib/types/client/stream-client.d.ts=7e0a3256e8d5b41f9d5f122933297acf62160d97e888ecee5fefcc54b6587e87;package/lib/types/client/stream-client.js=55057f49fe44d97b350562a246a1493953d0dac0b783f3756855e50f27d98b4c;package/lib/types/stream-protocol.d.ts=8e969b8bf9d500c46eb771d50c058d3d677a8424b1da9a0adeda7597c9ecec61;package/lib/types/stream-protocol.js=ab4d8d638062a3f0e2330229550342eafe517ae0bbc47d433df4f7618b5bf5ac;package/lib/types/stream-server.d.ts=3ac3d820d544ad7b95584f0787b84aa228d4dc4704c90e23faec6a7c3c9a7b24;package/lib/types/stream-server.js=226c2b7d80b7d5a45c8374685378d9726421c6a63afb6ac04451afe465eb4c62
0.1.2-rc.1	@deepseek-ai/dsh-api-remotes	0.1.2-rc.1	https://registry.npmjs.org/@deepseek-ai/dsh-api-remotes/-/dsh-api-remotes-0.1.2-rc.1.tgz	sha512-brMHiYcOVt5nXeuiDz1jw6dTJbyZSl/sA4KeZ00vGmYDaIseO6Ujz33zRUjuLMqgvQU4xBFBYXKCU5TLgqlfrQ==	d9f5f0c112551b82e3c62bb36815cf34c140c8d30b263e94497da1e139c6b637	f7e64e7d942f8fc699e7196cb55737fe4f7fad7cf4619439ec54c671d9a11c3f	package/lib/index.js=2258a0d4037b98cc020ca9fa200dc9929c19050316f50e996c626f54b8f78ad9
0.1.5-rc.1	@deepseek-ai/dsh-api-remotes	0.1.5-rc.1	https://registry.npmjs.org/@deepseek-ai/dsh-api-remotes/-/dsh-api-remotes-0.1.5-rc.1.tgz	sha512-sFoGZ3jJbrKLxbxSoyUpxhbRhgrxtxutfOcTJWacCTTfJQWvyJiJtbt4aK/997Uqgv19CklIBVkDBfqMDZA4RA==	ee91116b6c52547ba1588d57c2c5c88d66cf291f7011acddd874ca921d7a1810	8c3db9e978ae3e70a2e83b287edc37738e619e791664931c64b9feca2d353895	package/lib/index.js=74d979f83c2c37f0b529ab64e8061c706559b3855e438bcdcce451c48b1c15a7
0.1.5-rc.2	@deepseek-ai/dsh-api-remotes	0.1.5-rc.2	https://registry.npmjs.org/@deepseek-ai/dsh-api-remotes/-/dsh-api-remotes-0.1.5-rc.2.tgz	sha512-O8t/aJiHatgzlQIgXx6xdmpy+iAXJ/Zab1xMHIx7Noo6mzSYUIxwfJkoYgPv9G0Yfx06FPoRTUtLiZ8IADqUOA==	114268b205c32be38b40838c56ffbdb020ee71b9ca4f13a931323d2b5f978df1	8c3db9e978ae3e70a2e83b287edc37738e619e791664931c64b9feca2d353895	package/lib/index.js=74d979f83c2c37f0b529ab64e8061c706559b3855e438bcdcce451c48b1c15a7
0.1.5-rc.3	@deepseek-ai/dsh-api-remotes	0.1.5-rc.3	https://registry.npmjs.org/@deepseek-ai/dsh-api-remotes/-/dsh-api-remotes-0.1.5-rc.3.tgz	sha512-nxEZD3mMxL2vB5GLMPfQrh2SSYtnNIZzUYTwkJnU4wVQbQ2LKN0zKy9o3TA4FClxjupu5Sqd0MboE0XEqK591g==	e4c83c5ffdfba124090dbd6b7370e3b64fbead11e768b0f6fa6e86b4a972beef	8c3db9e978ae3e70a2e83b287edc37738e619e791664931c64b9feca2d353895	package/lib/index.js=74d979f83c2c37f0b529ab64e8061c706559b3855e438bcdcce451c48b1c15a7
0.1.7-rc.1	@deepseek-ai/dsh-api-remotes	0.1.7-rc.1	https://registry.npmjs.org/@deepseek-ai/dsh-api-remotes/-/dsh-api-remotes-0.1.7-rc.1.tgz	sha512-TEoX/Hwuqt57tVgVCeIEfrc1udDlivVeA+hnQA8yHzGD+EGL0sqfxrgkd//jDerA5eXN1Usw3Q6l0tegPg91Gg==	2a1bd1b0ebedcc08fd3296889ca9e1f95f509e33351b9a8b31306ecf85b86599	e492090db307789d762a92cc3875487a7b58092b000bab1bb4f0d31f64c74784	package/lib/index.js=679afcc5d98a284711b08ba8655717203b4ad3ddabc7e55ff39c231ee41fa648
0.1.7-rc.2	@deepseek-ai/dsh-api-remotes	0.1.7-rc.2	https://registry.npmjs.org/@deepseek-ai/dsh-api-remotes/-/dsh-api-remotes-0.1.7-rc.2.tgz	sha512-MYPFy7wb9wJE3CkeFum2aEHDaDTy8YIkRSJWIpkpsYTKSEFr2IZTU6TH8dFQf8eF58WAHr0YUCA0t7p/uQJPow==	aae8f5ecdef90edc833b28226eae0319a2b7bbc3f98b72ce13fc2e4b177242ec	5cc37ba949de1ef30858921851e36d2a89eefcab36cdd087513620864a1d6ce1	package/lib/index.js=cec4c600bf45db5d59941bd89203a656a31a5d8dc1903822b7780b0e000aaec5
0.2.0-rc.1	@deepseek-ai/dsh-api-remotes	0.2.0-rc.1	https://registry.npmjs.org/@deepseek-ai/dsh-api-remotes/-/dsh-api-remotes-0.2.0-rc.1.tgz	sha512-XJYSFJ6pR/12mneBwAvtgOcoBFu7qhVXYZ3M3B3qtZDnVN6i7iR5IAu90ZqqsMU1oqUgIfqfyFne4XRiii3GPg==	a41a37bf8d46e6a4daf84f108049b7e4f0f6947c2ff2c48724a152520ed15fd4	5cc37ba949de1ef30858921851e36d2a89eefcab36cdd087513620864a1d6ce1	package/lib/index.js=cec4c600bf45db5d59941bd89203a656a31a5d8dc1903822b7780b0e000aaec5
0.2.0-rc.2	@deepseek-ai/dsh-api-remotes	0.2.0-rc.2	https://registry.npmjs.org/@deepseek-ai/dsh-api-remotes/-/dsh-api-remotes-0.2.0-rc.2.tgz	sha512-mfDctTtpM26rS5O0upviPofuyiiNCkaSgRifc5wgaCiBPJ5rG1FE2lxMQSfUiBASs7s+xXR5JVZlDrrZCzYTLg==	38b20d09b89375fbdf540d53b40348f3f45edf401e3ea2807e4f45cc73e9e80e	5cc37ba949de1ef30858921851e36d2a89eefcab36cdd087513620864a1d6ce1	package/lib/index.js=cec4c600bf45db5d59941bd89203a656a31a5d8dc1903822b7780b0e000aaec5
0.1.2-rc.1	@deepseek-ai/dsh-api-session-controller	0.1.2-rc.1	https://registry.npmjs.org/@deepseek-ai/dsh-api-session-controller/-/dsh-api-session-controller-0.1.2-rc.1.tgz	sha512-zmhpkf6ydnYKYw+dmSeGube5py1gUfpIKW3pRMQpX+LOO3xCsAhlRgVnaTTnDveNcZugBEljcVeefOqbJiiadQ==	22432ab08cb7d01a345cc41d246ab165ba6da93f1de95eb0f0042b26e087f623	559a562b98bc848afdea6443e3651848906a38682366ada835a3280105938c21	package/lib/client.js=f2ec317d1c1f020662b2bd004e6770c721a7bf7bfd90020b3f06bfb2557c70d6;package/lib/index.js=e8c43c85ce89710df30db8104ff98822edced90fca645956a8a8bce6da7ea2a7;package/lib/typert.remote-client.js=dfb419c2c3155858fac5c2485c70772ccd3fb6dbe09132cd3c39240a70f872f0;package/lib/types/types.d.ts=54017805fb33a69836c61aee7d0e2aa4cd15673c060a4b06c968ed67b3fb9dd4;package/lib/types/types.js=cb92a21416c47f924cce1bec5fe7b259a8a9455d6fbcf28ec69eb2475d0852f5
0.1.5-rc.1	@deepseek-ai/dsh-api-session-controller	0.1.5-rc.1	https://registry.npmjs.org/@deepseek-ai/dsh-api-session-controller/-/dsh-api-session-controller-0.1.5-rc.1.tgz	sha512-BwOU/VMFpYQo7fAp0RyeBbSlIwNg9BNI3tDatRpYHBNKBcckiN0Lv2HO3Aoe7dLRh8yqqaOeiUVBY3Mkva1aZA==	5d1c83ac4e0fbbae7341844903fb8b3a17631c9c8267bfae05a45bd64b005129	1a21b1551b5d1fc6364331afd3b1c7924fa5ffab07f4c1c0c66f0b194f23a27d	package/lib/client.js=ff33d1f85a0b2f14568fcb555d5f52d2ba5f57f2e0ecfa5d7885ba83e7ff6069;package/lib/index.js=16ecb48f33996efe72868f1603223214430634c5ac4c3e8fe9060bf240e990ff;package/lib/typert.remote-client.js=b2cb1c9a808d5d52e84926d98cb10dd6b03fda3fde006022844ec75ea56f79e7;package/lib/types/assistant-stream.d.ts=893fe013ea2b8a90547127e1f8d8a0eb033a87df6699c5b452cb4c0c737d3fc0;package/lib/types/client/session-wire-event.d.ts=f19623929c40ee012440e91c3be671ffc20016c7620023d06794cbc51a978a8a;package/lib/types/types.d.ts=3ef41f9d0ca62475c666a4dd664c390c55fff4106b8f399ede344e259524974d;package/lib/types/types.js=cb92a21416c47f924cce1bec5fe7b259a8a9455d6fbcf28ec69eb2475d0852f5
0.1.5-rc.2	@deepseek-ai/dsh-api-session-controller	0.1.5-rc.2	https://registry.npmjs.org/@deepseek-ai/dsh-api-session-controller/-/dsh-api-session-controller-0.1.5-rc.2.tgz	sha512-rwOxS6piZ9EuLgE/pbq4cUlRCGv98IKgdFnK5v8WNwZYKug3rUpvYODDU9vE42ydmClgjFd/KIAaEDFPatcDpA==	2bb7c7daa19ed9974e3888d3474871a9f4d37a8bd5a16afeff2bb3402f1d2d99	1a21b1551b5d1fc6364331afd3b1c7924fa5ffab07f4c1c0c66f0b194f23a27d	package/lib/client.js=ff33d1f85a0b2f14568fcb555d5f52d2ba5f57f2e0ecfa5d7885ba83e7ff6069;package/lib/index.js=16ecb48f33996efe72868f1603223214430634c5ac4c3e8fe9060bf240e990ff;package/lib/typert.remote-client.js=b2cb1c9a808d5d52e84926d98cb10dd6b03fda3fde006022844ec75ea56f79e7;package/lib/types/assistant-stream.d.ts=893fe013ea2b8a90547127e1f8d8a0eb033a87df6699c5b452cb4c0c737d3fc0;package/lib/types/client/session-wire-event.d.ts=f19623929c40ee012440e91c3be671ffc20016c7620023d06794cbc51a978a8a;package/lib/types/types.d.ts=3ef41f9d0ca62475c666a4dd664c390c55fff4106b8f399ede344e259524974d;package/lib/types/types.js=cb92a21416c47f924cce1bec5fe7b259a8a9455d6fbcf28ec69eb2475d0852f5
0.1.5-rc.3	@deepseek-ai/dsh-api-session-controller	0.1.5-rc.3	https://registry.npmjs.org/@deepseek-ai/dsh-api-session-controller/-/dsh-api-session-controller-0.1.5-rc.3.tgz	sha512-ZLSwCwWIGSbOqX5sTWsf36eXjZJb75+A5YAGOu15p9jGNz97K0HP4z8AMF9Ui2wiYrTu8lMk3k2HkeDA3Y1q+A==	de0d2b22fc912c6717687a7cee56d793f4daaa9b33bd363f8b5e7b8b65804c42	1a21b1551b5d1fc6364331afd3b1c7924fa5ffab07f4c1c0c66f0b194f23a27d	package/lib/client.js=ff33d1f85a0b2f14568fcb555d5f52d2ba5f57f2e0ecfa5d7885ba83e7ff6069;package/lib/index.js=16ecb48f33996efe72868f1603223214430634c5ac4c3e8fe9060bf240e990ff;package/lib/typert.remote-client.js=b2cb1c9a808d5d52e84926d98cb10dd6b03fda3fde006022844ec75ea56f79e7;package/lib/types/assistant-stream.d.ts=893fe013ea2b8a90547127e1f8d8a0eb033a87df6699c5b452cb4c0c737d3fc0;package/lib/types/client/session-wire-event.d.ts=f19623929c40ee012440e91c3be671ffc20016c7620023d06794cbc51a978a8a;package/lib/types/types.d.ts=3ef41f9d0ca62475c666a4dd664c390c55fff4106b8f399ede344e259524974d;package/lib/types/types.js=cb92a21416c47f924cce1bec5fe7b259a8a9455d6fbcf28ec69eb2475d0852f5
0.1.7-rc.1	@deepseek-ai/dsh-api-session-controller	0.1.7-rc.1	https://registry.npmjs.org/@deepseek-ai/dsh-api-session-controller/-/dsh-api-session-controller-0.1.7-rc.1.tgz	sha512-t8Dey8mbCfER2nYyxccXZMhLUoAufLGi1BRFmqZbzk9aOWVG9Ahcx0+fJkSv67I1V0dEpiVB22CX1nuOC1/1CA==	bc0af8ec437d07a98ff834b9530fc4c59f2ff2fb6414a8cf711d45e7311cb618	a94678b488b75a54f41e2d8cf2400b66517583cccb3f61b0459e7c98a2894724	package/lib/client.js=301b3a1aa6391b2992ed05a036908c164ff990615afd744e1e310d3cfb5173f7;package/lib/index.js=05daaaf854eabc9db0e1171a55d54fa2f631ca63fe6a91feb0d9c60d827ad79e;package/lib/typert.remote-client.js=f1998f295e2e0a23114ee6c536bb7785506977ddc670fff60a40274cb963deb8;package/lib/types/assistant-stream.d.ts=893fe013ea2b8a90547127e1f8d8a0eb033a87df6699c5b452cb4c0c737d3fc0;package/lib/types/client/session-wire-event.d.ts=f19623929c40ee012440e91c3be671ffc20016c7620023d06794cbc51a978a8a;package/lib/types/types.d.ts=cc4563c7ece149cb758a8cb019d5de3e3915179656ef986db649197350d8ea0d;package/lib/types/types.js=933fe63cada3bd5126d2a96ca042524dd1b2ada286fc0c49c0967a0927312bd2
0.1.7-rc.2	@deepseek-ai/dsh-api-session-controller	0.1.7-rc.2	https://registry.npmjs.org/@deepseek-ai/dsh-api-session-controller/-/dsh-api-session-controller-0.1.7-rc.2.tgz	sha512-PB6Sk3h9g0ZGeIxUNcnZJIdWQxvhV4dh9g7KOd+Wu2YyqnA7TqweU9JRKitrDb4hYB1TFTDImGmdcAhiiMhbEw==	702cca75f4f90fa90fd20af252cb8a4496638d16b6c498869fd159778bc6b286	4627c698e581020a5749287948a0b20f954a56fd8fa9bb3e3aaa19fb8b6b90a4	package/lib/client.js=301b3a1aa6391b2992ed05a036908c164ff990615afd744e1e310d3cfb5173f7;package/lib/index.js=fb0f7b96130f595db20809eeb77a195b05f4a039f931d1e67692f1f74a4dd269;package/lib/typert.remote-client.js=77ddef7b3228f06b40161de6cbfe57d87c3534020bcac74ed8bbd0356ae8fd86;package/lib/types/assistant-stream.d.ts=893fe013ea2b8a90547127e1f8d8a0eb033a87df6699c5b452cb4c0c737d3fc0;package/lib/types/client/session-wire-event.d.ts=f19623929c40ee012440e91c3be671ffc20016c7620023d06794cbc51a978a8a;package/lib/types/types.d.ts=1b4d81ed8f89ccd5d3c477a38fe2ab8c993f24af0e21539d0e0b7d22d7c2e7b8;package/lib/types/types.js=933fe63cada3bd5126d2a96ca042524dd1b2ada286fc0c49c0967a0927312bd2
0.2.0-rc.1	@deepseek-ai/dsh-api-session-controller	0.2.0-rc.1	https://registry.npmjs.org/@deepseek-ai/dsh-api-session-controller/-/dsh-api-session-controller-0.2.0-rc.1.tgz	sha512-0oSU0vdUjQycdVPvqZeEGrnBvRiKySgLOqZ/FwDYh0FjcpD8/1SKAKhsNKq8IavjiYEXluFpT55dvOEfmicEkA==	6ddfece87431ce003d41b6d2f8eb25cf299aafe483a9ffe3e6d7d1fae22695cc	f5987782cbeed3b048050088692b8c990be0d578b33934fdc3672bede312684c	package/lib/client.js=60ec6a006443b40e5ab718f3fa53c301559c5c28427ca650c3851127ce370d43;package/lib/index.js=fb0f7b96130f595db20809eeb77a195b05f4a039f931d1e67692f1f74a4dd269;package/lib/typert.remote-client.js=77ddef7b3228f06b40161de6cbfe57d87c3534020bcac74ed8bbd0356ae8fd86;package/lib/types/assistant-stream.d.ts=893fe013ea2b8a90547127e1f8d8a0eb033a87df6699c5b452cb4c0c737d3fc0;package/lib/types/client/session-wire-event.d.ts=f19623929c40ee012440e91c3be671ffc20016c7620023d06794cbc51a978a8a;package/lib/types/types.d.ts=1b4d81ed8f89ccd5d3c477a38fe2ab8c993f24af0e21539d0e0b7d22d7c2e7b8;package/lib/types/types.js=933fe63cada3bd5126d2a96ca042524dd1b2ada286fc0c49c0967a0927312bd2
0.2.0-rc.2	@deepseek-ai/dsh-api-session-controller	0.2.0-rc.2	https://registry.npmjs.org/@deepseek-ai/dsh-api-session-controller/-/dsh-api-session-controller-0.2.0-rc.2.tgz	sha512-WDmk1aWOHbzIKRRt7rtHDxSupw/XLB+BgMyKHlzB7QGinXrK/Dnht6JIdgE1iSShnf1RNANGAGh2G94VzDpl5Q==	7caab31234433457cadf44121318e97cac46f357b5ad7b3c373b0907d77f7af2	640c2d0613f198689d00b11033cd871723fcf03aabbd575819bade2c61b46d43	package/lib/client.js=60ec6a006443b40e5ab718f3fa53c301559c5c28427ca650c3851127ce370d43;package/lib/index.js=fb0f7b96130f595db20809eeb77a195b05f4a039f931d1e67692f1f74a4dd269;package/lib/typert.remote-client.js=117d6192f45ce9447cd01002e61a01388c97d4799b35328264d13b699d11e880;package/lib/types/assistant-stream.d.ts=893fe013ea2b8a90547127e1f8d8a0eb033a87df6699c5b452cb4c0c737d3fc0;package/lib/types/client/session-wire-event.d.ts=f19623929c40ee012440e91c3be671ffc20016c7620023d06794cbc51a978a8a;package/lib/types/types.d.ts=1b4d81ed8f89ccd5d3c477a38fe2ab8c993f24af0e21539d0e0b7d22d7c2e7b8;package/lib/types/types.js=933fe63cada3bd5126d2a96ca042524dd1b2ada286fc0c49c0967a0927312bd2
0.1.2-rc.1	@deepseek-ai/dsh-api-workspace-controller	0.1.2-rc.1	https://registry.npmjs.org/@deepseek-ai/dsh-api-workspace-controller/-/dsh-api-workspace-controller-0.1.2-rc.1.tgz	sha512-tfBLMGhU+otJudklD5e9JAK2jq3bSbsAM0LahLZyDpivUYMh56YbLFOLM0yG1qdvgfq2K1MVzssaw3vkq1P1zg==	82191a066079f3615d26ec86f59c0f5826c2e471939d4755df91897160467f54	4ecb72b42768e5180b134bb48592efa356df808aa6225c6ccc8b3220027d2f00	package/lib/client.js=7d603e41788d1f3873f2bbeee575155e0ece8fa0009ec4f2d5b307b5d75e6990;package/lib/index.js=e1f66ef2a5fe8a18a00d30820fc2033431cdc49b15b10375d9e466b71d6c4df1;package/lib/typert.remote-client.js=20661af30a79b4203f9371448592dcdc07ba8b659758bce99471e4aa8f5adaa6;package/lib/types/types.d.ts=9fca2017e0a98a0c1ee897c77c06664106eaa6daec97916ab65b39e54bb7659d;package/lib/types/types.js=26d5d5311f5f0e6fda62ab1f400643cd1fe3b795e633f4e50070423d4712bf8e
0.1.5-rc.1	@deepseek-ai/dsh-api-workspace-controller	0.1.5-rc.1	https://registry.npmjs.org/@deepseek-ai/dsh-api-workspace-controller/-/dsh-api-workspace-controller-0.1.5-rc.1.tgz	sha512-1mzTuL850EFqBPD+JwGzC9aNpZQ7LgxZCt3TP4YBVZcbys3D5Gopbb+wIJsqMHpfwIA2eqY9m3KAJjaJepF4Sg==	1f7535bb280db1da7edcd91756b12e56243c9fca7d155e06bbdf73d7cebb90a4	4ecb72b42768e5180b134bb48592efa356df808aa6225c6ccc8b3220027d2f00	package/lib/client.js=7d603e41788d1f3873f2bbeee575155e0ece8fa0009ec4f2d5b307b5d75e6990;package/lib/index.js=e1f66ef2a5fe8a18a00d30820fc2033431cdc49b15b10375d9e466b71d6c4df1;package/lib/typert.remote-client.js=20661af30a79b4203f9371448592dcdc07ba8b659758bce99471e4aa8f5adaa6;package/lib/types/types.d.ts=9fca2017e0a98a0c1ee897c77c06664106eaa6daec97916ab65b39e54bb7659d;package/lib/types/types.js=26d5d5311f5f0e6fda62ab1f400643cd1fe3b795e633f4e50070423d4712bf8e
0.1.5-rc.2	@deepseek-ai/dsh-api-workspace-controller	0.1.5-rc.2	https://registry.npmjs.org/@deepseek-ai/dsh-api-workspace-controller/-/dsh-api-workspace-controller-0.1.5-rc.2.tgz	sha512-95USICv+Ds+BS4Bjf27gVneXc/ZuhlYvTsdfjx/S+MMSutjgV2eZDKkQOxVn8u8KMZw3FG0X5Era47qa3kg01Q==	511119519164df4e659d434e03349aaebeeb5e04b117cae510f985fb706898e8	4ecb72b42768e5180b134bb48592efa356df808aa6225c6ccc8b3220027d2f00	package/lib/client.js=7d603e41788d1f3873f2bbeee575155e0ece8fa0009ec4f2d5b307b5d75e6990;package/lib/index.js=e1f66ef2a5fe8a18a00d30820fc2033431cdc49b15b10375d9e466b71d6c4df1;package/lib/typert.remote-client.js=20661af30a79b4203f9371448592dcdc07ba8b659758bce99471e4aa8f5adaa6;package/lib/types/types.d.ts=9fca2017e0a98a0c1ee897c77c06664106eaa6daec97916ab65b39e54bb7659d;package/lib/types/types.js=26d5d5311f5f0e6fda62ab1f400643cd1fe3b795e633f4e50070423d4712bf8e
0.1.5-rc.3	@deepseek-ai/dsh-api-workspace-controller	0.1.5-rc.3	https://registry.npmjs.org/@deepseek-ai/dsh-api-workspace-controller/-/dsh-api-workspace-controller-0.1.5-rc.3.tgz	sha512-/tKP7fCoscSCzkvxCzGeNvv2hIJOR09+ANlK1A8Kb4DFgCMfT8r+ZWtKgyTPUja20f4eCJ2bOW/EWNOPZQ9EGA==	6cab171081e73a6779f7e84be495d5ced4f03b8d85ef8ccfbf592952b42cf5e4	4ecb72b42768e5180b134bb48592efa356df808aa6225c6ccc8b3220027d2f00	package/lib/client.js=7d603e41788d1f3873f2bbeee575155e0ece8fa0009ec4f2d5b307b5d75e6990;package/lib/index.js=e1f66ef2a5fe8a18a00d30820fc2033431cdc49b15b10375d9e466b71d6c4df1;package/lib/typert.remote-client.js=20661af30a79b4203f9371448592dcdc07ba8b659758bce99471e4aa8f5adaa6;package/lib/types/types.d.ts=9fca2017e0a98a0c1ee897c77c06664106eaa6daec97916ab65b39e54bb7659d;package/lib/types/types.js=26d5d5311f5f0e6fda62ab1f400643cd1fe3b795e633f4e50070423d4712bf8e
0.1.7-rc.1	@deepseek-ai/dsh-api-workspace-controller	0.1.7-rc.1	https://registry.npmjs.org/@deepseek-ai/dsh-api-workspace-controller/-/dsh-api-workspace-controller-0.1.7-rc.1.tgz	sha512-r73jX9lXDpbMvfyh6HwTX5v2buBDNKC97L4qerAvgylSj7sQ5JMGfVYF/KslLjStsMoWrTaLxYzk1gGgBjYHxg==	f9462992b157e45c06a28c9903fd1aa27d26931baa77d4ed03e6d44a579893be	a840e79b7ca123723d6d7a326513084d988efd694fa47b92dca13ea696f527ba	package/lib/client.js=a4a702f56883e7a6e05df919c72b2e94be7e33921a09a5d397cc7235c7376260;package/lib/index.js=56815a5f5093b8f171f55c68bf77cd525da66d48bb23d18e63f51eccab46e9bf;package/lib/typert.remote-client.js=1e6880900584850a726d1fe3d5179bc8e7334326ac1728d4f75f7fa17a4f0499;package/lib/types/types.d.ts=d7fa5f8ea5eb155df396a6d6dfc974579c783d4d256f3eae019b5066056b5f88;package/lib/types/types.js=26d5d5311f5f0e6fda62ab1f400643cd1fe3b795e633f4e50070423d4712bf8e
0.1.7-rc.2	@deepseek-ai/dsh-api-workspace-controller	0.1.7-rc.2	https://registry.npmjs.org/@deepseek-ai/dsh-api-workspace-controller/-/dsh-api-workspace-controller-0.1.7-rc.2.tgz	sha512-BUeoGq1didny2GqiGsCDfQTp9QF+oeAzRCG3z6gjbkQ4AGzOWw5QoSS7eknI+BU5vUq0zrJoVPR1gOaKK/9fbg==	3cefe85b9e4282e722ddf1cf8b52cc3d979486fbea09f9b5901467e7ab33461f	f93a28728bb7ec7b6f604f1c938a10de7119e43477390d6d952de53d63f29c89	package/lib/client.js=e0b5f8ae1f3c286f628b5ffdc0903a83963e18fd6190d5ef042e38385cc578c4;package/lib/index.js=73de7a7e462a999c26aefd311cd6ca20607a414f529ba4dd5f8fd979de6c806a;package/lib/typert.remote-client.js=e8644fc785ff1ac6039f5166cbd74e4cdb32fc2b36c07b50bc48b0af78c4d02b;package/lib/types/types.d.ts=b8e0395bfcaf05acf6e0e045839c1b6c124418312de2ef70fd49448656422021;package/lib/types/types.js=26d5d5311f5f0e6fda62ab1f400643cd1fe3b795e633f4e50070423d4712bf8e
0.2.0-rc.1	@deepseek-ai/dsh-api-workspace-controller	0.2.0-rc.1	https://registry.npmjs.org/@deepseek-ai/dsh-api-workspace-controller/-/dsh-api-workspace-controller-0.2.0-rc.1.tgz	sha512-ufdQT5WCoHC2eQNBMX/aMtv8FgKdQs6kIdSQaBRZ+olYgfC9WKh4LeUG96KZFXp1KMvMpgdWgarANHcd6Gwviw==	5f2ca83926328f5efaa87d436624b27b09093556e09ff575643c0bc78b4b9f89	7b5ddbc896c16e28a23f5266c988480c3292eca04ae9f7dac548d6b9d260b128	package/lib/client.js=e0b5f8ae1f3c286f628b5ffdc0903a83963e18fd6190d5ef042e38385cc578c4;package/lib/index.js=8a6e3b407ff9a445358cee97183452c3ca391d8ff10dab53f5416fd4ad37ead5;package/lib/typert.remote-client.js=e8644fc785ff1ac6039f5166cbd74e4cdb32fc2b36c07b50bc48b0af78c4d02b;package/lib/types/types.d.ts=b8e0395bfcaf05acf6e0e045839c1b6c124418312de2ef70fd49448656422021;package/lib/types/types.js=26d5d5311f5f0e6fda62ab1f400643cd1fe3b795e633f4e50070423d4712bf8e
0.2.0-rc.2	@deepseek-ai/dsh-api-workspace-controller	0.2.0-rc.2	https://registry.npmjs.org/@deepseek-ai/dsh-api-workspace-controller/-/dsh-api-workspace-controller-0.2.0-rc.2.tgz	sha512-3CoKQUgGxJ8yH++j/HurB4ZTrVLMZXS0cMm8Fb3ZaMB1dTseroaMoepvnBtzJF1hQx6YArNu8XvXO5qPRA6Fgg==	46809ef4297e263985d57d57a268d2b520e714e3a41ebfdc6130614263a92bf8	7b5ddbc896c16e28a23f5266c988480c3292eca04ae9f7dac548d6b9d260b128	package/lib/client.js=e0b5f8ae1f3c286f628b5ffdc0903a83963e18fd6190d5ef042e38385cc578c4;package/lib/index.js=8a6e3b407ff9a445358cee97183452c3ca391d8ff10dab53f5416fd4ad37ead5;package/lib/typert.remote-client.js=e8644fc785ff1ac6039f5166cbd74e4cdb32fc2b36c07b50bc48b0af78c4d02b;package/lib/types/types.d.ts=b8e0395bfcaf05acf6e0e045839c1b6c124418312de2ef70fd49448656422021;package/lib/types/types.js=26d5d5311f5f0e6fda62ab1f400643cd1fe3b795e633f4e50070423d4712bf8e
0.1.2-rc.1	@deepseek-ai/dsh-typert-protocol	0.1.2-rc.1	https://registry.npmjs.org/@deepseek-ai/dsh-typert-protocol/-/dsh-typert-protocol-0.1.2-rc.1.tgz	sha512-vBWD0NpriPd96ltbWaAw+iKeWFIEjiAcCWYtmqEcV1Ms+FaV02usjjm7LCmhSQhMZpBSBc7EZUX0spGlpjI1bA==	6700050b6efcd24775d68fb264eb66f52c15842a3dffeec3bf5d584e176ce4b3	0c77b3d21aa3aca80920c36578cbcfd18c4c8df51d5709885a6375bce16e10db	package/lib/index.js=0e6ab19df7a0852340786b194f8c0520006dd1562cdd47fc8f4fcdebefa30e7c;package/lib/types/index.d.ts=7d7ae5201508f41926a7c884ee5e154ae38fb8b1da5e4bdf861563e368eaf8a8;package/lib/types/index.js=0c0a90921256622d256d2ac5832cf89691c69a4e7c29345e826f4fb0ad417895;package/lib/types/remote-error.d.ts=47a11a8c1de82413cbf10bb4ed3ff9ece8a9e31c1f483fa86df1985b61a3d96c;package/lib/types/remote-error.js=6c12c710aaa87d3e05834851fb43b9e88a0e16542eb749d7c5dec91fbeefb123
0.1.5-rc.1	@deepseek-ai/dsh-typert-protocol	0.1.5-rc.1	https://registry.npmjs.org/@deepseek-ai/dsh-typert-protocol/-/dsh-typert-protocol-0.1.5-rc.1.tgz	sha512-HBxnSnvjiYPlir6An+/W+66dTRQnwpbNUbtOH6e5LHuV4CcHL5yrimTbMI04olJM9w2U9FyfwDOzmW6uqWjAew==	3caa1100f8db8b1640bd86667279d4ac4446f29d2eb4e7e5d056ea33bd852767	6ef178fff80cd786059726206a23771929db2022b9fc2dc4d673d7ce644a72ec	package/lib/index.js=0e6ab19df7a0852340786b194f8c0520006dd1562cdd47fc8f4fcdebefa30e7c;package/lib/types/index.d.ts=45081345b5fcab072d451262d231e11e94da8dc4ad853412f7e3f58e348157e7;package/lib/types/index.js=0c0a90921256622d256d2ac5832cf89691c69a4e7c29345e826f4fb0ad417895;package/lib/types/remote-error.d.ts=47a11a8c1de82413cbf10bb4ed3ff9ece8a9e31c1f483fa86df1985b61a3d96c;package/lib/types/remote-error.js=6c12c710aaa87d3e05834851fb43b9e88a0e16542eb749d7c5dec91fbeefb123
0.1.5-rc.2	@deepseek-ai/dsh-typert-protocol	0.1.5-rc.2	https://registry.npmjs.org/@deepseek-ai/dsh-typert-protocol/-/dsh-typert-protocol-0.1.5-rc.2.tgz	sha512-zP8J20rBXa1AFjKL2i83JBeQcePZx8yal3pNojj4t7CCokMcoFMUbr50woa6fY1tRJ7qHxgypO3rH8Q6YWgmiA==	d396f410959baa0357275ca70f547fd2d7be3acdebe13c7b40484b41d45b704c	6ef178fff80cd786059726206a23771929db2022b9fc2dc4d673d7ce644a72ec	package/lib/index.js=0e6ab19df7a0852340786b194f8c0520006dd1562cdd47fc8f4fcdebefa30e7c;package/lib/types/index.d.ts=45081345b5fcab072d451262d231e11e94da8dc4ad853412f7e3f58e348157e7;package/lib/types/index.js=0c0a90921256622d256d2ac5832cf89691c69a4e7c29345e826f4fb0ad417895;package/lib/types/remote-error.d.ts=47a11a8c1de82413cbf10bb4ed3ff9ece8a9e31c1f483fa86df1985b61a3d96c;package/lib/types/remote-error.js=6c12c710aaa87d3e05834851fb43b9e88a0e16542eb749d7c5dec91fbeefb123
0.1.5-rc.3	@deepseek-ai/dsh-typert-protocol	0.1.5-rc.3	https://registry.npmjs.org/@deepseek-ai/dsh-typert-protocol/-/dsh-typert-protocol-0.1.5-rc.3.tgz	sha512-lcQGIQK4Z5dBguLQFzoDiHQBT387egSnFYJOakEjqIMM9jkAfMI/HqlsVSRSzHW7SQL9f6SxJMHCD7pIkJzsWA==	614f5b3d36d770dd9156715fbe4cbbc5cf89c8d9f9400a587a48402533034ee5	6ef178fff80cd786059726206a23771929db2022b9fc2dc4d673d7ce644a72ec	package/lib/index.js=0e6ab19df7a0852340786b194f8c0520006dd1562cdd47fc8f4fcdebefa30e7c;package/lib/types/index.d.ts=45081345b5fcab072d451262d231e11e94da8dc4ad853412f7e3f58e348157e7;package/lib/types/index.js=0c0a90921256622d256d2ac5832cf89691c69a4e7c29345e826f4fb0ad417895;package/lib/types/remote-error.d.ts=47a11a8c1de82413cbf10bb4ed3ff9ece8a9e31c1f483fa86df1985b61a3d96c;package/lib/types/remote-error.js=6c12c710aaa87d3e05834851fb43b9e88a0e16542eb749d7c5dec91fbeefb123
0.1.7-rc.1	@deepseek-ai/dsh-typert-protocol	0.1.7-rc.1	https://registry.npmjs.org/@deepseek-ai/dsh-typert-protocol/-/dsh-typert-protocol-0.1.7-rc.1.tgz	sha512-DOJiFdvHl1RoJHO7C6XymZUqVZwZiF7JL1PS+AEtQWg6nsYXvlkF1VLbwzPxMW470RzzimGLCz7boOxx086dLA==	0810625465f7f08af5e6b4170974bf1c021c5ce3f90d174be72990bd6a7fff0f	a6b386725f5e5f5a117ab4463d7bfc401a8db5d5d55f05f9edee909dea433c84	package/lib/index.js=f7e0fa4b750267f6adaa1b901be7987f0d830800ec3a05f247251bf77de0b809;package/lib/types/index.d.ts=ed9bdf5ee209442b574f500107d8e5b0029e460f97ba48239b250b5ee91a7b11;package/lib/types/index.js=12fb2aaa17637eb532eaaeb0a840a4438d67589b05a018fb66c411901013e990;package/lib/types/remote-error.d.ts=47a11a8c1de82413cbf10bb4ed3ff9ece8a9e31c1f483fa86df1985b61a3d96c;package/lib/types/remote-error.js=6c12c710aaa87d3e05834851fb43b9e88a0e16542eb749d7c5dec91fbeefb123
0.1.7-rc.2	@deepseek-ai/dsh-typert-protocol	0.1.7-rc.2	https://registry.npmjs.org/@deepseek-ai/dsh-typert-protocol/-/dsh-typert-protocol-0.1.7-rc.2.tgz	sha512-oJm03zqMQlvt16Ejw7VWy3/gqlJGrBCZj3Z4KL8ydLJeeTToKIR49WVCxMbJTlH0F9QFljruLtHguA5B99AeUQ==	bffc2dd130657503d180d5e931ca828b09426c71f207a55f1b9d1d74d5bf6b28	a6b386725f5e5f5a117ab4463d7bfc401a8db5d5d55f05f9edee909dea433c84	package/lib/index.js=f7e0fa4b750267f6adaa1b901be7987f0d830800ec3a05f247251bf77de0b809;package/lib/types/index.d.ts=ed9bdf5ee209442b574f500107d8e5b0029e460f97ba48239b250b5ee91a7b11;package/lib/types/index.js=12fb2aaa17637eb532eaaeb0a840a4438d67589b05a018fb66c411901013e990;package/lib/types/remote-error.d.ts=47a11a8c1de82413cbf10bb4ed3ff9ece8a9e31c1f483fa86df1985b61a3d96c;package/lib/types/remote-error.js=6c12c710aaa87d3e05834851fb43b9e88a0e16542eb749d7c5dec91fbeefb123
0.2.0-rc.1	@deepseek-ai/dsh-typert-protocol	0.2.0-rc.1	https://registry.npmjs.org/@deepseek-ai/dsh-typert-protocol/-/dsh-typert-protocol-0.2.0-rc.1.tgz	sha512-MhpeimGP6E3MqSESLm32OmPgx5aNUG7yCJCgcIFw7XBWhQmKB9fU3CWuUxxbWZeC7eWkdJ93AG2ww/Qu6QWW9A==	c1c3fbf9f324b420be16b10a83f74114674a8936318c6790e80d7010f885f5df	a6b386725f5e5f5a117ab4463d7bfc401a8db5d5d55f05f9edee909dea433c84	package/lib/index.js=f7e0fa4b750267f6adaa1b901be7987f0d830800ec3a05f247251bf77de0b809;package/lib/types/index.d.ts=ed9bdf5ee209442b574f500107d8e5b0029e460f97ba48239b250b5ee91a7b11;package/lib/types/index.js=12fb2aaa17637eb532eaaeb0a840a4438d67589b05a018fb66c411901013e990;package/lib/types/remote-error.d.ts=47a11a8c1de82413cbf10bb4ed3ff9ece8a9e31c1f483fa86df1985b61a3d96c;package/lib/types/remote-error.js=6c12c710aaa87d3e05834851fb43b9e88a0e16542eb749d7c5dec91fbeefb123
0.2.0-rc.2	@deepseek-ai/dsh-typert-protocol	0.2.0-rc.2	https://registry.npmjs.org/@deepseek-ai/dsh-typert-protocol/-/dsh-typert-protocol-0.2.0-rc.2.tgz	sha512-95RvIDcVac2BWdv1IxN6yKlRV+8eEvkofqSxV+d0r8x1kx2EIWEsbdxz6C+coYIm+8e03MiN+rwOt8J7sLfe7Q==	36b9e70f67ec04b6b4d9913482b7cc2f7e7e1229860e8f6332148c6796de62de	a6b386725f5e5f5a117ab4463d7bfc401a8db5d5d55f05f9edee909dea433c84	package/lib/index.js=f7e0fa4b750267f6adaa1b901be7987f0d830800ec3a05f247251bf77de0b809;package/lib/types/index.d.ts=ed9bdf5ee209442b574f500107d8e5b0029e460f97ba48239b250b5ee91a7b11;package/lib/types/index.js=12fb2aaa17637eb532eaaeb0a840a4438d67589b05a018fb66c411901013e990;package/lib/types/remote-error.d.ts=47a11a8c1de82413cbf10bb4ed3ff9ece8a9e31c1f483fa86df1985b61a3d96c;package/lib/types/remote-error.js=6c12c710aaa87d3e05834851fb43b9e88a0e16542eb749d7c5dec91fbeefb123
0.1.2-rc.1	@deepseek-ai/dsh-credentials	0.1.2-rc.1	https://registry.npmjs.org/@deepseek-ai/dsh-credentials/-/dsh-credentials-0.1.2-rc.1.tgz	sha512-e7DGpuYQqiD4dOWGQeY/XAWPTjbax/MkrXBwsB8wBtNpoPiAKiLYgd+iFiQc66BGOlutSRFz31IKdbduqPbTxA==	50eda597a3a3ba23aeecbaa44059d977c82f53696f39bba6ace194386b8f7383	451ce308519cabc416af351a970af55a35d7bfc47eddd2d385fd872e31f5fbf3	package/lib/index.js=1edbfddea8c1b0833b19fd1c418943160380e9e59206595876aa07cb370d3770;package/lib/types/index.d.ts=b7930c064aa63f9028deccab8c3a71b215e0e5cbb95422ad7b5f52cf86ecac92;package/lib/types/index.js=b8035e54e7c67b74d1abde02dad92ed20bea9e9900e1a40189c0f453bef872e0;package/lib/types/types.d.ts=70506d2392f0d80cd2f29ff58776b9e05b0bc626402b49c1e7226c4525c90c35;package/lib/types/types.js=e277827cd63c2114b1d0d0d6848dce55d0baa29313aba02bbaa2c369ca992ca6
0.1.5-rc.1	@deepseek-ai/dsh-credentials	0.1.5-rc.1	https://registry.npmjs.org/@deepseek-ai/dsh-credentials/-/dsh-credentials-0.1.5-rc.1.tgz	sha512-+pcIimUNe2OQWZVwJFTbKEMUQA/6JAx+EMPodzgJgZzDPwsnYE8OClS2aXY9PW8T6DdaKAX+MVWptTsoVVEmBA==	ec2a85dc3ad4d86a406630ee3e7d6ad9ffcc63697b24d78b2b6f655391a6b9dd	451ce308519cabc416af351a970af55a35d7bfc47eddd2d385fd872e31f5fbf3	package/lib/index.js=1edbfddea8c1b0833b19fd1c418943160380e9e59206595876aa07cb370d3770;package/lib/types/index.d.ts=b7930c064aa63f9028deccab8c3a71b215e0e5cbb95422ad7b5f52cf86ecac92;package/lib/types/index.js=b8035e54e7c67b74d1abde02dad92ed20bea9e9900e1a40189c0f453bef872e0;package/lib/types/types.d.ts=70506d2392f0d80cd2f29ff58776b9e05b0bc626402b49c1e7226c4525c90c35;package/lib/types/types.js=e277827cd63c2114b1d0d0d6848dce55d0baa29313aba02bbaa2c369ca992ca6
0.1.5-rc.2	@deepseek-ai/dsh-credentials	0.1.5-rc.2	https://registry.npmjs.org/@deepseek-ai/dsh-credentials/-/dsh-credentials-0.1.5-rc.2.tgz	sha512-TfX5MYLlyw0BFERj3dGxVfP9QGcKZUE5eXDSaY7ZfJbfQgK51VfxV5tP899OxIDRD3Bw94K5Rzx+dbUTSWJBtA==	be01cf7d1b19085530991e2f4d6d90c3184ed7b52b7ad487beb3cf78b522686d	451ce308519cabc416af351a970af55a35d7bfc47eddd2d385fd872e31f5fbf3	package/lib/index.js=1edbfddea8c1b0833b19fd1c418943160380e9e59206595876aa07cb370d3770;package/lib/types/index.d.ts=b7930c064aa63f9028deccab8c3a71b215e0e5cbb95422ad7b5f52cf86ecac92;package/lib/types/index.js=b8035e54e7c67b74d1abde02dad92ed20bea9e9900e1a40189c0f453bef872e0;package/lib/types/types.d.ts=70506d2392f0d80cd2f29ff58776b9e05b0bc626402b49c1e7226c4525c90c35;package/lib/types/types.js=e277827cd63c2114b1d0d0d6848dce55d0baa29313aba02bbaa2c369ca992ca6
0.1.5-rc.3	@deepseek-ai/dsh-credentials	0.1.5-rc.3	https://registry.npmjs.org/@deepseek-ai/dsh-credentials/-/dsh-credentials-0.1.5-rc.3.tgz	sha512-Lhe3RxBxClicX9W3qBCJIum9GYla1eGpPZBmaj6q5krLDNfOoC9gql/cmBA58UjYM9B99FYt29e2eWXnRBaqZw==	93717886e64864a4c8318a4d8a297cc946e28ba9a0660555b698abb1a8d6bfdf	451ce308519cabc416af351a970af55a35d7bfc47eddd2d385fd872e31f5fbf3	package/lib/index.js=1edbfddea8c1b0833b19fd1c418943160380e9e59206595876aa07cb370d3770;package/lib/types/index.d.ts=b7930c064aa63f9028deccab8c3a71b215e0e5cbb95422ad7b5f52cf86ecac92;package/lib/types/index.js=b8035e54e7c67b74d1abde02dad92ed20bea9e9900e1a40189c0f453bef872e0;package/lib/types/types.d.ts=70506d2392f0d80cd2f29ff58776b9e05b0bc626402b49c1e7226c4525c90c35;package/lib/types/types.js=e277827cd63c2114b1d0d0d6848dce55d0baa29313aba02bbaa2c369ca992ca6
0.1.7-rc.1	@deepseek-ai/dsh-credentials	0.1.7-rc.1	https://registry.npmjs.org/@deepseek-ai/dsh-credentials/-/dsh-credentials-0.1.7-rc.1.tgz	sha512-A/lh8+0qmUBeV9ECDB3XJf745Ve3ZdqTc2frIjuw6J0bhp2vAeT9RXFDI7pSlLUZdhczVJiK1DIUNLsUPlhQ1g==	d73ba78f0d378423ba0e65837a0a5d9ba1d410b2d37aa3a8441a410885966a6b	451ce308519cabc416af351a970af55a35d7bfc47eddd2d385fd872e31f5fbf3	package/lib/index.js=1edbfddea8c1b0833b19fd1c418943160380e9e59206595876aa07cb370d3770;package/lib/types/index.d.ts=b7930c064aa63f9028deccab8c3a71b215e0e5cbb95422ad7b5f52cf86ecac92;package/lib/types/index.js=b8035e54e7c67b74d1abde02dad92ed20bea9e9900e1a40189c0f453bef872e0;package/lib/types/types.d.ts=70506d2392f0d80cd2f29ff58776b9e05b0bc626402b49c1e7226c4525c90c35;package/lib/types/types.js=e277827cd63c2114b1d0d0d6848dce55d0baa29313aba02bbaa2c369ca992ca6
0.1.7-rc.2	@deepseek-ai/dsh-credentials	0.1.7-rc.2	https://registry.npmjs.org/@deepseek-ai/dsh-credentials/-/dsh-credentials-0.1.7-rc.2.tgz	sha512-Zi5MCL+o2bphuvWcfFsaRmg6eIafkjCa758+DVB2ac2tt5hzXLoKhwSku4YVhvhZYJan8TP87abIzyGr5z1X5g==	e863709d46403faab228c4451dbaefc0910fbbac6f159633be034d5a6b09d32d	451ce308519cabc416af351a970af55a35d7bfc47eddd2d385fd872e31f5fbf3	package/lib/index.js=1edbfddea8c1b0833b19fd1c418943160380e9e59206595876aa07cb370d3770;package/lib/types/index.d.ts=b7930c064aa63f9028deccab8c3a71b215e0e5cbb95422ad7b5f52cf86ecac92;package/lib/types/index.js=b8035e54e7c67b74d1abde02dad92ed20bea9e9900e1a40189c0f453bef872e0;package/lib/types/types.d.ts=70506d2392f0d80cd2f29ff58776b9e05b0bc626402b49c1e7226c4525c90c35;package/lib/types/types.js=e277827cd63c2114b1d0d0d6848dce55d0baa29313aba02bbaa2c369ca992ca6
0.2.0-rc.1	@deepseek-ai/dsh-credentials	0.2.0-rc.1	https://registry.npmjs.org/@deepseek-ai/dsh-credentials/-/dsh-credentials-0.2.0-rc.1.tgz	sha512-XcAy6bK1lHLW3XWxxwKtrFdDurEvEvpBoqNhfR6PHTetd8wV/f9l06uNg0DO7xg1GUzkY8t88j2EXhg2z2nFrw==	e3bf34628e0960f16b494cf242a31d4165ac41fb1a5ca21146914ccbc9409d52	451ce308519cabc416af351a970af55a35d7bfc47eddd2d385fd872e31f5fbf3	package/lib/index.js=1edbfddea8c1b0833b19fd1c418943160380e9e59206595876aa07cb370d3770;package/lib/types/index.d.ts=b7930c064aa63f9028deccab8c3a71b215e0e5cbb95422ad7b5f52cf86ecac92;package/lib/types/index.js=b8035e54e7c67b74d1abde02dad92ed20bea9e9900e1a40189c0f453bef872e0;package/lib/types/types.d.ts=70506d2392f0d80cd2f29ff58776b9e05b0bc626402b49c1e7226c4525c90c35;package/lib/types/types.js=e277827cd63c2114b1d0d0d6848dce55d0baa29313aba02bbaa2c369ca992ca6
0.2.0-rc.2	@deepseek-ai/dsh-credentials	0.2.0-rc.2	https://registry.npmjs.org/@deepseek-ai/dsh-credentials/-/dsh-credentials-0.2.0-rc.2.tgz	sha512-TQlvP0jxXYGy1ZNzh4nVsiCzb8FR9iGarD6BfIZ3LwJC8lDtjSxQHWE8//NYjpn10TIMxmaR4s6niHuJ3JkTOw==	9c997168a663abd7fcde413d18947b341066275225db949168753578f7c930c1	451ce308519cabc416af351a970af55a35d7bfc47eddd2d385fd872e31f5fbf3	package/lib/index.js=1edbfddea8c1b0833b19fd1c418943160380e9e59206595876aa07cb370d3770;package/lib/types/index.d.ts=b7930c064aa63f9028deccab8c3a71b215e0e5cbb95422ad7b5f52cf86ecac92;package/lib/types/index.js=b8035e54e7c67b74d1abde02dad92ed20bea9e9900e1a40189c0f453bef872e0;package/lib/types/types.d.ts=70506d2392f0d80cd2f29ff58776b9e05b0bc626402b49c1e7226c4525c90c35;package/lib/types/types.js=e277827cd63c2114b1d0d0d6848dce55d0baa29313aba02bbaa2c369ca992ca6
0.1.2-rc.1	@deepseek-ai/dsh-credentials-local	0.1.2-rc.1	https://registry.npmjs.org/@deepseek-ai/dsh-credentials-local/-/dsh-credentials-local-0.1.2-rc.1.tgz	sha512-CuIREkLNPytX0Cl/TSVehdVXz6+QBkY8wjhkSMpOIrtK8hC18c3Hs/kUBwlCk68bbWDvUk+pSrc/l3D4NPwHhA==	e05bb0c4da7dc04ac1d174d42a18fc3163d9f05ef6c564305b4f1aaee7d9e5b6	739abffa9c8fa154aeea87d6e1566fa89c4912939a1eaefe19b84931f8e00628	package/lib/index.js=1688f17801d5809abace4ef6228b771625a0153c043d7d4dba21b398ec4056eb;package/lib/types/index.d.ts=210ddb7e87489190e5c1e2575c726b6c2db969a04c10df16f64337ad30870a81
0.1.5-rc.1	@deepseek-ai/dsh-credentials-local	0.1.5-rc.1	https://registry.npmjs.org/@deepseek-ai/dsh-credentials-local/-/dsh-credentials-local-0.1.5-rc.1.tgz	sha512-S5C3+ItHsJ4WlSQEvY4qqHB/txxe7NnaQXEbsjVDZUwUci5Ia3TaEvH0yz6Oi6ovG2oPrYulzorg6G1ayjPRZg==	5c839c39484c4fa9c2dde3e10e9c869088c1f0b81d62a9773d99ae72256a1451	739abffa9c8fa154aeea87d6e1566fa89c4912939a1eaefe19b84931f8e00628	package/lib/index.js=1688f17801d5809abace4ef6228b771625a0153c043d7d4dba21b398ec4056eb;package/lib/types/index.d.ts=210ddb7e87489190e5c1e2575c726b6c2db969a04c10df16f64337ad30870a81
0.1.5-rc.2	@deepseek-ai/dsh-credentials-local	0.1.5-rc.2	https://registry.npmjs.org/@deepseek-ai/dsh-credentials-local/-/dsh-credentials-local-0.1.5-rc.2.tgz	sha512-Xaz/giXBtfwWP/jd/o1QwKDCurGjZVfVXEfFZvXfzGJ1pdQiMFdt/1nfCnIkktHO2fHhtxEE4MBg10PBLtmp7A==	3f13655bc0ea54cb9dbac6e592a69c61056595b80f7455c935d5bf01a20ae229	739abffa9c8fa154aeea87d6e1566fa89c4912939a1eaefe19b84931f8e00628	package/lib/index.js=1688f17801d5809abace4ef6228b771625a0153c043d7d4dba21b398ec4056eb;package/lib/types/index.d.ts=210ddb7e87489190e5c1e2575c726b6c2db969a04c10df16f64337ad30870a81
0.1.5-rc.3	@deepseek-ai/dsh-credentials-local	0.1.5-rc.3	https://registry.npmjs.org/@deepseek-ai/dsh-credentials-local/-/dsh-credentials-local-0.1.5-rc.3.tgz	sha512-lVEw+KF/m9sfLBtmuqVDrlshJItqSvBnQAe+JfQWLag+S7xuEGhy4liaI+CqByL/eyAEQSBQNTEcUOoBozRKfg==	408db2424942ed31f4a9b54f94d1a5ffa8c141a622cc6b73e6f519f490c74c64	739abffa9c8fa154aeea87d6e1566fa89c4912939a1eaefe19b84931f8e00628	package/lib/index.js=1688f17801d5809abace4ef6228b771625a0153c043d7d4dba21b398ec4056eb;package/lib/types/index.d.ts=210ddb7e87489190e5c1e2575c726b6c2db969a04c10df16f64337ad30870a81
0.1.7-rc.1	@deepseek-ai/dsh-credentials-local	0.1.7-rc.1	https://registry.npmjs.org/@deepseek-ai/dsh-credentials-local/-/dsh-credentials-local-0.1.7-rc.1.tgz	sha512-o7yABTwxftgiBAy/g7JFrH9JpjiqIHzme4zUjbbS3vb62QwEHCrJlzsQNIcPGPC8ouCtzaCy1t9AQAJEve6nCw==	588f664bac9fde591473d74296c0b605a5df52fa84c3e4a847176917791acd32	739abffa9c8fa154aeea87d6e1566fa89c4912939a1eaefe19b84931f8e00628	package/lib/index.js=1688f17801d5809abace4ef6228b771625a0153c043d7d4dba21b398ec4056eb;package/lib/types/index.d.ts=210ddb7e87489190e5c1e2575c726b6c2db969a04c10df16f64337ad30870a81
0.1.7-rc.2	@deepseek-ai/dsh-credentials-local	0.1.7-rc.2	https://registry.npmjs.org/@deepseek-ai/dsh-credentials-local/-/dsh-credentials-local-0.1.7-rc.2.tgz	sha512-pl3PRh+y9iLpwxZZmtxZzRTahiNGO6xNVC9nsN9h3eLu0ECetUkqRl2ByxLY/3ZcahSRzsad4eHjwKH5Prt7/w==	ece00e3ef7ef168684741b1e1010349dc3f1856b7bc10e7ee241de1cd6e6680e	739abffa9c8fa154aeea87d6e1566fa89c4912939a1eaefe19b84931f8e00628	package/lib/index.js=1688f17801d5809abace4ef6228b771625a0153c043d7d4dba21b398ec4056eb;package/lib/types/index.d.ts=210ddb7e87489190e5c1e2575c726b6c2db969a04c10df16f64337ad30870a81
0.2.0-rc.1	@deepseek-ai/dsh-credentials-local	0.2.0-rc.1	https://registry.npmjs.org/@deepseek-ai/dsh-credentials-local/-/dsh-credentials-local-0.2.0-rc.1.tgz	sha512-NWU8wD+Rs09mwLKC4aR7Gms/ShiUKOszSeYEV3vU0sjEUEUR7HYjsZXkXeFFfcyyhJzQCXLBwIspGjZrxlJxeg==	5ebe5750d989c2243f45d6bbc16689855e508d98cee5b56217ae380b01299973	739abffa9c8fa154aeea87d6e1566fa89c4912939a1eaefe19b84931f8e00628	package/lib/index.js=1688f17801d5809abace4ef6228b771625a0153c043d7d4dba21b398ec4056eb;package/lib/types/index.d.ts=210ddb7e87489190e5c1e2575c726b6c2db969a04c10df16f64337ad30870a81
0.2.0-rc.2	@deepseek-ai/dsh-credentials-local	0.2.0-rc.2	https://registry.npmjs.org/@deepseek-ai/dsh-credentials-local/-/dsh-credentials-local-0.2.0-rc.2.tgz	sha512-az83NVgu0COpjrPRAbXs0+evmSznQN1c8tFv/JKVvgcyPeFw5nLK5+0kA2QRBQ2g1p0+1x5H/4XBtr3Lwq/Piw==	27fa33673f6312f617e0623bd645ae3c22ad24700dd5577e120e92185e8f8c3f	739abffa9c8fa154aeea87d6e1566fa89c4912939a1eaefe19b84931f8e00628	package/lib/index.js=1688f17801d5809abace4ef6228b771625a0153c043d7d4dba21b398ec4056eb;package/lib/types/index.d.ts=210ddb7e87489190e5c1e2575c726b6c2db969a04c10df16f64337ad30870a81
0.1.2-rc.1	@deepseek-ai/dsh-session	0.1.2-rc.1	https://registry.npmjs.org/@deepseek-ai/dsh-session/-/dsh-session-0.1.2-rc.1.tgz	sha512-jRGNPTbQcvIx1F2MVmmkoiHLgpC3Btqo1wkl/3JDLlOWRVWKOuaC+5fQiMrFPOYfno6YiX/c2UvmA0td8qB92w==	8aa3706f71f1ae8d27c3af955d73f0ff94a09fbc8956512dc71d03c004a80dd3	dba9d6ab568318b2473f2b41151c3f15a7e63aab7b4aac178c1acb0744ad60c1	package/lib/index.js=be25b05ffd1403908796935ef11a61d4c002f7ff3d12f83ef82a8c9976984342;package/lib/types/index.d.ts=a818c4541f170b3d5703b6bea1242c166d49640d7d170fd041a109195801e4be;package/lib/types/known-event-types.d.ts=0e3f59c0437bb12222791743e480c209bcc169ab399b9e22c388389e796132ea;package/lib/types/known-event-types.js=e7aee13d1dd119fa2c2ef6818eada27e547b2f20bccdbd4f1dadde0012a8c4f7;package/lib/types/types.d.ts=8e33c2a629ed12b2456ca9c827e131a3a15f452d640696fa0df55a6a5f4a2f6e
0.1.5-rc.1	@deepseek-ai/dsh-session	0.1.5-rc.1	https://registry.npmjs.org/@deepseek-ai/dsh-session/-/dsh-session-0.1.5-rc.1.tgz	sha512-0YBBrzkCbVEJolS/OpD0DZMSozmYxUTZopiG76MXInjOFBW9J4ca1a8WUjJjqelP1nJTmWGKXp92HcvNEny0Dg==	7c1b0b6ee452b27084bf26bc14e896ee02dd180bc07d1085fda16d9ef4023a18	896d4b9fb04001d43a4c0970461bbca7b6ea13105028f527f370b947a5122a9e	package/lib/index.js=05e94f57d96e7979670a5b51024c8591572eb0051ce793613dbdec35cf2c47bf;package/lib/types/index.d.ts=ed327445b83ca8d699eb22991178362e4458172ba3c717a7a894f4907394fc37;package/lib/types/known-event-types.d.ts=0e3f59c0437bb12222791743e480c209bcc169ab399b9e22c388389e796132ea;package/lib/types/known-event-types.js=7bcf6e061a34b6107896b09ec048f5e62420ce1505191c1d63910765e014d909;package/lib/types/types.d.ts=54cf6f064abba4bfdca99eea4fb55d16629a91044c10a4d16940a5ffd11b74b6
0.1.5-rc.2	@deepseek-ai/dsh-session	0.1.5-rc.2	https://registry.npmjs.org/@deepseek-ai/dsh-session/-/dsh-session-0.1.5-rc.2.tgz	sha512-y+klWiGAWR4m4cc4ylurA0cW63673B4N8cr2ANMimweDZAfxL4XVBC7WiD/5DT2DtIhYmVZhz/niyS/WbniUTA==	bd8bfa01d1d743c16bc59a420a1867166a92bedb09e2c54e541cd4494f4c5f05	896d4b9fb04001d43a4c0970461bbca7b6ea13105028f527f370b947a5122a9e	package/lib/index.js=05e94f57d96e7979670a5b51024c8591572eb0051ce793613dbdec35cf2c47bf;package/lib/types/index.d.ts=ed327445b83ca8d699eb22991178362e4458172ba3c717a7a894f4907394fc37;package/lib/types/known-event-types.d.ts=0e3f59c0437bb12222791743e480c209bcc169ab399b9e22c388389e796132ea;package/lib/types/known-event-types.js=7bcf6e061a34b6107896b09ec048f5e62420ce1505191c1d63910765e014d909;package/lib/types/types.d.ts=54cf6f064abba4bfdca99eea4fb55d16629a91044c10a4d16940a5ffd11b74b6
0.1.5-rc.3	@deepseek-ai/dsh-session	0.1.5-rc.3	https://registry.npmjs.org/@deepseek-ai/dsh-session/-/dsh-session-0.1.5-rc.3.tgz	sha512-ZvcJxTCLSPVRFLElseKAOR6hByyNuUk+O+mQtPGKQwh/CWa55aN13oEYTS7bskeSFRrWkHTx4KLgDYilMNZhqw==	9f0eada0694250c4a12290bc2572884ab0847c10224417c2745ed6dd6a28a627	896d4b9fb04001d43a4c0970461bbca7b6ea13105028f527f370b947a5122a9e	package/lib/index.js=05e94f57d96e7979670a5b51024c8591572eb0051ce793613dbdec35cf2c47bf;package/lib/types/index.d.ts=ed327445b83ca8d699eb22991178362e4458172ba3c717a7a894f4907394fc37;package/lib/types/known-event-types.d.ts=0e3f59c0437bb12222791743e480c209bcc169ab399b9e22c388389e796132ea;package/lib/types/known-event-types.js=7bcf6e061a34b6107896b09ec048f5e62420ce1505191c1d63910765e014d909;package/lib/types/types.d.ts=54cf6f064abba4bfdca99eea4fb55d16629a91044c10a4d16940a5ffd11b74b6
0.1.7-rc.1	@deepseek-ai/dsh-session	0.1.7-rc.1	https://registry.npmjs.org/@deepseek-ai/dsh-session/-/dsh-session-0.1.7-rc.1.tgz	sha512-5R3g4UQ7KoezqHJ9LxqMgaGZWw0R3zZCypPm4R5dPxSB8xHCQvjfgaCrHYdPBT63B4coxollWupjyQTOdiWSKQ==	6113f5b5a56173fb8426f87fe68d0a9ce0f6a6b033beb54b3b58d19a21e9b2bd	3ffc39424dd582ed521aee0123f201a7bbc040a81e48d9ef56a529d8ba19cc61	package/lib/index.js=718e8d51d731e6f61d3fe605c2a1d2fd71a566d2b96c84e0529b26feb2ac9200;package/lib/types/index.d.ts=f0fd871d041bb63cdc5f5ae19b4395d1c832ff5dbecb7d5f47b33cd153c05d99;package/lib/types/known-event-types.d.ts=6cf20e965e779aa12958f963814381351da2cf9497b2f1f2216a73f23cc9a33a;package/lib/types/known-event-types.js=8f38e6fc9439bb4e47f2bd3aa21c86d5141ef9679f41181c9d9a48765c67d3be;package/lib/types/types.d.ts=3bdf3b1f2748d9f5e96eaa7f03262516b27e2bc6c6be3584edacc651b29d997d
0.1.7-rc.2	@deepseek-ai/dsh-session	0.1.7-rc.2	https://registry.npmjs.org/@deepseek-ai/dsh-session/-/dsh-session-0.1.7-rc.2.tgz	sha512-0dXv1t4Zox/yHkZ4PfPNSBWJfIc72PDqOvjz43EMoHpbmoKTVpit2UpUI+yTtX01e4MVBbDMxBZ95oJW/Oydnw==	f7deaec7289aa3b93cf8f8551a59cb811ada63ddea97d3e4c87f9b6f59c1e783	6496efb042643c96e39a6eb95d2dab39a045d0617a7254072f834e6f511366b8	package/lib/index.js=c7edbf46b9af2a50114ac396596870eaf8bf7ad2970618ec6c5221b053bb5523;package/lib/types/index.d.ts=2134c63729b63f6165a6b57776ec498b3aae1c88d73eb69374bc61f6c559a513;package/lib/types/known-event-types.d.ts=6cf20e965e779aa12958f963814381351da2cf9497b2f1f2216a73f23cc9a33a;package/lib/types/known-event-types.js=8f38e6fc9439bb4e47f2bd3aa21c86d5141ef9679f41181c9d9a48765c67d3be;package/lib/types/types.d.ts=a13a50955c7843d07fda7e7644bfa16b2d4c577c9aca9fe40db6fe527352ad3a
0.2.0-rc.1	@deepseek-ai/dsh-session	0.2.0-rc.1	https://registry.npmjs.org/@deepseek-ai/dsh-session/-/dsh-session-0.2.0-rc.1.tgz	sha512-KUDCUk8kmiJCwvV3gDbkUSpkyoGHdg36nIhKsEh6iBoYDuIQCuvX2htiVRXCm099XZO6rCBVInmm1193UoPYcA==	56ee80a9b292368ce9959b348f8b933e54d7c4456a032e05e3d55901708d4e49	efde1e9265b2cf1c8d82d8d58c0011f29e14b2e5fbe08d8d1bf14d0d106a1091	package/lib/index.js=87ea85e2fb5318bf1f826db9a1c88c1b26d3ea328027a7f32b211880c4d62b9d;package/lib/types/index.d.ts=8c6244c55203351724078ddb18e9075d82ec8c1e5087a13cff594681383ccba8;package/lib/types/known-event-types.d.ts=6cf20e965e779aa12958f963814381351da2cf9497b2f1f2216a73f23cc9a33a;package/lib/types/known-event-types.js=8f38e6fc9439bb4e47f2bd3aa21c86d5141ef9679f41181c9d9a48765c67d3be;package/lib/types/types.d.ts=a13a50955c7843d07fda7e7644bfa16b2d4c577c9aca9fe40db6fe527352ad3a
0.2.0-rc.2	@deepseek-ai/dsh-session	0.2.0-rc.2	https://registry.npmjs.org/@deepseek-ai/dsh-session/-/dsh-session-0.2.0-rc.2.tgz	sha512-wj+6MeqCYbDcbEvKH3puHyEGdjyu51JwBoN6Ua2tz6griLufDgLM5HpSU40L5xgpbOfrYVhXZs4vRgOrMlFY2g==	022a019616d2fc7041f6e2f921697416d4d4d7fedbc3c973bd64d5a13a03f8df	efde1e9265b2cf1c8d82d8d58c0011f29e14b2e5fbe08d8d1bf14d0d106a1091	package/lib/index.js=87ea85e2fb5318bf1f826db9a1c88c1b26d3ea328027a7f32b211880c4d62b9d;package/lib/types/index.d.ts=8c6244c55203351724078ddb18e9075d82ec8c1e5087a13cff594681383ccba8;package/lib/types/known-event-types.d.ts=6cf20e965e779aa12958f963814381351da2cf9497b2f1f2216a73f23cc9a33a;package/lib/types/known-event-types.js=8f38e6fc9439bb4e47f2bd3aa21c86d5141ef9679f41181c9d9a48765c67d3be;package/lib/types/types.d.ts=a13a50955c7843d07fda7e7644bfa16b2d4c577c9aca9fe40db6fe527352ad3a
0.1.2-rc.1	@deepseek-ai/dsh-agent	0.1.2-rc.1	https://registry.npmjs.org/@deepseek-ai/dsh-agent/-/dsh-agent-0.1.2-rc.1.tgz	sha512-lfaqN34vUCWvbn1kJVHrhfJ6Dvt1HDHCm33ZCpmKkl07/5q6FxWqVv6rOdVX5QnM/9xz/uYiN0nQwUtBg4+Skg==	ef3c4693e57c23b3a5e8a55f5c71369f11b209da420f3113a1269727e581c433	4ad2acf674f7031dbae04548f10fa4f63190429cce54e261f91f5d610ac8fa8c	package/lib/types/index.d.ts=cab0cbb1e8672b46df15d0080f4ae9ebababe34408f3e41f1a2b8b5550b40f24;package/lib/types/runtime-types.d.ts=337d7ebd9e8d50cb9a576c809efa9ea2eb6f023e69cc3d488bbd053598328a5f
0.1.5-rc.1	@deepseek-ai/dsh-agent	0.1.5-rc.1	https://registry.npmjs.org/@deepseek-ai/dsh-agent/-/dsh-agent-0.1.5-rc.1.tgz	sha512-obIPyTSjq1y0Yhasm3mLhK5BW6Ge0VQoRT8FBt0ooLsct2+pFAjgyd7GP3KzFaz7zaEhQJ/NNEmCaU0KOsYutg==	bbc50390f7e47226f8a2ce23114b91d0b747545c64b7e9a7f2b0528982dcafd5	d9602f41b4c9b833be40081a0ae993cda1afe418aa1724c0133e9e4961f339e2	package/lib/types/index.d.ts=f6aec10d76b2200ce1052900e7893149547cbc47d1a0230ea2f9d837666448e4;package/lib/types/runtime-types.d.ts=da5d808efec816fe81a1d334c8cef6e0fa18f2daefc4085df4c68e02d426c60c
0.1.5-rc.2	@deepseek-ai/dsh-agent	0.1.5-rc.2	https://registry.npmjs.org/@deepseek-ai/dsh-agent/-/dsh-agent-0.1.5-rc.2.tgz	sha512-SlUL1riZmVLwMUR3jo9CP/R1cxov9dHkCJDh6JQW3fSZJVCIdPygBRlAweCUDvHxAEmPpFHxE/U3NmSUbX+vQQ==	1ff68f0907c62d11f90a74ac47feed7df92f25571fcfef87ce2fd9c9603fcf6a	d9602f41b4c9b833be40081a0ae993cda1afe418aa1724c0133e9e4961f339e2	package/lib/types/index.d.ts=f6aec10d76b2200ce1052900e7893149547cbc47d1a0230ea2f9d837666448e4;package/lib/types/runtime-types.d.ts=da5d808efec816fe81a1d334c8cef6e0fa18f2daefc4085df4c68e02d426c60c
0.1.5-rc.3	@deepseek-ai/dsh-agent	0.1.5-rc.3	https://registry.npmjs.org/@deepseek-ai/dsh-agent/-/dsh-agent-0.1.5-rc.3.tgz	sha512-+BvnHhttEpT/7HAlpx+QUQvLdXTEvF9o8j4bGOUIEWMJeblm2DKDXWuVL1Pzanm5ZW0ec9Y/WOnDcExMUMkh3Q==	cbb43327ac19c0ab34daa189ee28675f1cb72436161be3fc6941db9070561038	d9602f41b4c9b833be40081a0ae993cda1afe418aa1724c0133e9e4961f339e2	package/lib/types/index.d.ts=f6aec10d76b2200ce1052900e7893149547cbc47d1a0230ea2f9d837666448e4;package/lib/types/runtime-types.d.ts=da5d808efec816fe81a1d334c8cef6e0fa18f2daefc4085df4c68e02d426c60c
0.1.7-rc.1	@deepseek-ai/dsh-agent	0.1.7-rc.1	https://registry.npmjs.org/@deepseek-ai/dsh-agent/-/dsh-agent-0.1.7-rc.1.tgz	sha512-WJWJ76bFhiKOHr8mnUpNF29OO/R+t9LIONzSSHtBKypT3RMaWm/5pV8qvDyEKCtR7nLn/4q+eKfl30zKqRBKyg==	1458266ac3c3f670c05b61b43ad82228e70b9279082400add5f5659a8e6e8163	96c0ef9e23aa89f46f22cd21b482dad2e351a93c1ce67260116e4984cc28c5f5	package/lib/types/index.d.ts=3531899158347ff10627228732c67462c78ea0352e31a7eabc19631f90b08bc1;package/lib/types/runtime-types.d.ts=07e00646b0c07eda239c102ea736a3bf29c431f34aee97fd7619ea0150d3c71a
0.1.7-rc.2	@deepseek-ai/dsh-agent	0.1.7-rc.2	https://registry.npmjs.org/@deepseek-ai/dsh-agent/-/dsh-agent-0.1.7-rc.2.tgz	sha512-9U/zHZvZqRR5S2FD9fjjAuoMh+WfDan+bE/cLBLSLpqftjZ0FhIlEBK99yonUkNkGemyHiH/lL3jCKYw35ahJA==	e7b8bf1be4205401c0b0f146148719e1755dc98abc878c8b98fcd0ecc290e76d	96c0ef9e23aa89f46f22cd21b482dad2e351a93c1ce67260116e4984cc28c5f5	package/lib/types/index.d.ts=3531899158347ff10627228732c67462c78ea0352e31a7eabc19631f90b08bc1;package/lib/types/runtime-types.d.ts=07e00646b0c07eda239c102ea736a3bf29c431f34aee97fd7619ea0150d3c71a
0.2.0-rc.1	@deepseek-ai/dsh-agent	0.2.0-rc.1	https://registry.npmjs.org/@deepseek-ai/dsh-agent/-/dsh-agent-0.2.0-rc.1.tgz	sha512-PQ4Qtu7QiI6j2n730p8RJ+u4l7ywwhVJ4NeIe/Tj86hBYYZNvNT8iMhViECn+GSepAk7GmM/1eb7e7hvmYhsKA==	dd21ff4bc625edc78928cbfc5f8fa7a1ea03fc9ecab6028bb9b50b940def0cfe	96c0ef9e23aa89f46f22cd21b482dad2e351a93c1ce67260116e4984cc28c5f5	package/lib/types/index.d.ts=3531899158347ff10627228732c67462c78ea0352e31a7eabc19631f90b08bc1;package/lib/types/runtime-types.d.ts=07e00646b0c07eda239c102ea736a3bf29c431f34aee97fd7619ea0150d3c71a
0.2.0-rc.2	@deepseek-ai/dsh-agent	0.2.0-rc.2	https://registry.npmjs.org/@deepseek-ai/dsh-agent/-/dsh-agent-0.2.0-rc.2.tgz	sha512-CUkbU+c1G0ETXkpoLkpAFo5midz66FQGtlgQOP9pzvU9H3zJQVl4H5LrhhGVbEXKLFgdbtQiOynEW8hpWn3y0Q==	38f021f47d4693de490ba82dc4bf5e2c083f2ad54b07d20c7059f0c44206be59	96c0ef9e23aa89f46f22cd21b482dad2e351a93c1ce67260116e4984cc28c5f5	package/lib/types/index.d.ts=3531899158347ff10627228732c67462c78ea0352e31a7eabc19631f90b08bc1;package/lib/types/runtime-types.d.ts=07e00646b0c07eda239c102ea736a3bf29c431f34aee97fd7619ea0150d3c71a
0.1.2-rc.1	@deepseek-ai/dsh-llm	0.1.2-rc.1	https://registry.npmjs.org/@deepseek-ai/dsh-llm/-/dsh-llm-0.1.2-rc.1.tgz	sha512-7VYsha5AXsVLnsAwYJffWXz9bwUbElw8i5N8tlTSdai9Bupk3sMbsotzPf8ZbsuGAxQYErahMwQwgGEu4qZO6g==	1132f9402c23b275345728a3d209ef2fc9286ebb7604276ce725f73fd77382e1	ed6422ad65cef70b1800fda78ff60dd0a39037a4e82afbade2c3a1eca71467c8	package/lib/types/content.d.ts=8a07aaeb0a6a88828843637f4955632b8e8ccf7eabdd8b0b9a991f3b46d2569a;package/lib/types/index.d.ts=81445e709cce76d477976f2640560f608eac8f2fc3e7337303ecfefcb3e7e0ae;package/lib/types/message.d.ts=9d3e48684524882f5e695ea3e26a09da4fdd8a6d7dc9f6a773c19c970b229dd6
0.1.5-rc.1	@deepseek-ai/dsh-llm	0.1.5-rc.1	https://registry.npmjs.org/@deepseek-ai/dsh-llm/-/dsh-llm-0.1.5-rc.1.tgz	sha512-KPKJFTNLjURphuF4NlS8DRK94CUYL/dKB8Hzg/22jtxAFO2paX3ifL0vhdPq9xPbcyplaF7LYlf0+3+pXFTnTg==	31677214c4c2dffac8c9da54812c7a8eda37e07253cd88cf6e42b3e056234836	59dd9b3870158e219b127da22498ded41c36c287da1ecef77759843c361f2d8f	package/lib/types/assistant-stream.d.ts=0bb9bdf2ae67cf51e1a08742238b6780d0dded4786b8ae9c970e1b452b29ddaa;package/lib/types/content.d.ts=f483db90b3e3a3e4d5c2fc96fb0a3842f965b1d8a71637a0f0572066293bbb61;package/lib/types/index.d.ts=703a8ca97813465eec179d4959ecc432b2924759c8a508aae182c446a7232f5e;package/lib/types/message.d.ts=110c2a4f9ac1e856ce04b1117530f7b1732dfd95a46528a2deb29379aed9a371
0.1.5-rc.2	@deepseek-ai/dsh-llm	0.1.5-rc.2	https://registry.npmjs.org/@deepseek-ai/dsh-llm/-/dsh-llm-0.1.5-rc.2.tgz	sha512-Z7BVsBkK24SE4EItQeow8PHms/9GP0DSTi337vTAa/RY7tNg2Snz3INcXUj6CPZfvntQr1in9op9wLI+rfNsqA==	eef4db02d3834ffcf40812a0ac915d8061f521f6c8d2dcc8297d61c4b5f7f892	59dd9b3870158e219b127da22498ded41c36c287da1ecef77759843c361f2d8f	package/lib/types/assistant-stream.d.ts=0bb9bdf2ae67cf51e1a08742238b6780d0dded4786b8ae9c970e1b452b29ddaa;package/lib/types/content.d.ts=f483db90b3e3a3e4d5c2fc96fb0a3842f965b1d8a71637a0f0572066293bbb61;package/lib/types/index.d.ts=703a8ca97813465eec179d4959ecc432b2924759c8a508aae182c446a7232f5e;package/lib/types/message.d.ts=110c2a4f9ac1e856ce04b1117530f7b1732dfd95a46528a2deb29379aed9a371
0.1.5-rc.3	@deepseek-ai/dsh-llm	0.1.5-rc.3	https://registry.npmjs.org/@deepseek-ai/dsh-llm/-/dsh-llm-0.1.5-rc.3.tgz	sha512-c6Z7S1SlRAgLKQ/MZKp0mCMrBz06X9XEddLFxhK5Flq0PM18dsJgIbRgNpobILy2AJyYx0vnHbepjmITW6BXWA==	c321778ffa4b55b384f7bd13d801e4752481d5665cc2f943d2c4b9739ae3d9de	59dd9b3870158e219b127da22498ded41c36c287da1ecef77759843c361f2d8f	package/lib/types/assistant-stream.d.ts=0bb9bdf2ae67cf51e1a08742238b6780d0dded4786b8ae9c970e1b452b29ddaa;package/lib/types/content.d.ts=f483db90b3e3a3e4d5c2fc96fb0a3842f965b1d8a71637a0f0572066293bbb61;package/lib/types/index.d.ts=703a8ca97813465eec179d4959ecc432b2924759c8a508aae182c446a7232f5e;package/lib/types/message.d.ts=110c2a4f9ac1e856ce04b1117530f7b1732dfd95a46528a2deb29379aed9a371
0.1.7-rc.1	@deepseek-ai/dsh-llm	0.1.7-rc.1	https://registry.npmjs.org/@deepseek-ai/dsh-llm/-/dsh-llm-0.1.7-rc.1.tgz	sha512-anh5XNpkjIUdcx1blVX75FILXjl1qRPslHOaneUoBNGlm52gwbgM50qw4YH1gaFpMNLmg+l0TJnvUcgaIGPbzg==	00ed0fd4bf4fc31b5656de7d53cb638b2b7128f6426a2fe321d34f618d6870ec	1dc7f1b750ae3d8a9d63c423c02cff2121ddffa661f7c8d6079f7e63358cddb9	package/lib/types/assistant-stream.d.ts=0bb9bdf2ae67cf51e1a08742238b6780d0dded4786b8ae9c970e1b452b29ddaa;package/lib/types/content.d.ts=e4479c1654331f2913e14cd8e64cb28629965b6fb5bccf7dffb94c66bc6c2fa0;package/lib/types/index.d.ts=15307bd61e1fdbb1588e3893de5ccd31615e4662b590dd75ea568dca3e14c58d;package/lib/types/message.d.ts=c1e9b9f05fc0eab9bb791d6cbfc42828e608539ba16cd0e441164aff005b9775
0.1.7-rc.2	@deepseek-ai/dsh-llm	0.1.7-rc.2	https://registry.npmjs.org/@deepseek-ai/dsh-llm/-/dsh-llm-0.1.7-rc.2.tgz	sha512-hNT3ovFnbNDQ8g544bh2Q9ORX40aI6Y+jhjer1lETeHS4g0jTjqUUVfARCTA7uAFvHucSBg2rFgbisIktmJCxw==	34270b89310f6cd027106b0fefb58bde3ef144dd74146c5f975ed4266e0bb3c1	e1b9ec26c0f507f3f62505d32a25f9df1efffb3c81d1dd39d9abe60b8bbf49e5	package/lib/types/assistant-stream.d.ts=0bb9bdf2ae67cf51e1a08742238b6780d0dded4786b8ae9c970e1b452b29ddaa;package/lib/types/content.d.ts=824a2495e5b81c38cf2dbf086dd9ea31a2747d603e71db5537ecf0d56d227a8d;package/lib/types/index.d.ts=c5e3c6d92c7c2cf1529ff34eeaf0af92ccee56f2e5ae0f06c36f8548736f9c55;package/lib/types/message.d.ts=c1e9b9f05fc0eab9bb791d6cbfc42828e608539ba16cd0e441164aff005b9775
0.2.0-rc.1	@deepseek-ai/dsh-llm	0.2.0-rc.1	https://registry.npmjs.org/@deepseek-ai/dsh-llm/-/dsh-llm-0.2.0-rc.1.tgz	sha512-F5ZlBG8z8o5PfEWeEF/PN9t/A1N/oEErvqmpqE4J8f9mJR85DvBdV+rjDs7OjAbMJsJ8INjkbroruG5NNKDg5A==	8fc47d00410abc90f802e1648280b2b63350e42395e260d0efc58e8c5f08947c	e1b9ec26c0f507f3f62505d32a25f9df1efffb3c81d1dd39d9abe60b8bbf49e5	package/lib/types/assistant-stream.d.ts=0bb9bdf2ae67cf51e1a08742238b6780d0dded4786b8ae9c970e1b452b29ddaa;package/lib/types/content.d.ts=824a2495e5b81c38cf2dbf086dd9ea31a2747d603e71db5537ecf0d56d227a8d;package/lib/types/index.d.ts=c5e3c6d92c7c2cf1529ff34eeaf0af92ccee56f2e5ae0f06c36f8548736f9c55;package/lib/types/message.d.ts=c1e9b9f05fc0eab9bb791d6cbfc42828e608539ba16cd0e441164aff005b9775
0.2.0-rc.2	@deepseek-ai/dsh-llm	0.2.0-rc.2	https://registry.npmjs.org/@deepseek-ai/dsh-llm/-/dsh-llm-0.2.0-rc.2.tgz	sha512-6QFrQn/h0iNqCfPpgQidnHtLSpA99A7ZND/uYKaGSd/4BGP8KBhuRd0w63e9s4u+hfW8jc3j29WKcNLIOeUfcA==	5fa090883aed0a63e6a3f5f2fa7609cb63a93f76c0b974ec10b4c0345cb91fd3	e1b9ec26c0f507f3f62505d32a25f9df1efffb3c81d1dd39d9abe60b8bbf49e5	package/lib/types/assistant-stream.d.ts=0bb9bdf2ae67cf51e1a08742238b6780d0dded4786b8ae9c970e1b452b29ddaa;package/lib/types/content.d.ts=824a2495e5b81c38cf2dbf086dd9ea31a2747d603e71db5537ecf0d56d227a8d;package/lib/types/index.d.ts=c5e3c6d92c7c2cf1529ff34eeaf0af92ccee56f2e5ae0f06c36f8548736f9c55;package/lib/types/message.d.ts=c1e9b9f05fc0eab9bb791d6cbfc42828e608539ba16cd0e441164aff005b9775
