package	tarball_sha512_b64	member_path	member_bytes	member_sha256
@deepseek-ai/dsh@0.2.0-rc.2	EAJ3gPNcVt/uv8X19PMm9NkVhWgT7xXNMk0UKCVm+IQ5rpSQOcsMUa0HWlnYYVybKMsccjcRB21vVVsaXQ6IdA==	package/LICENSE	1065	ebb4f09972aee8608be255debaf78451a68e95c290f55c240dec2ecfa16ea6be
@deepseek-ai/dsh@0.2.0-rc.2	EAJ3gPNcVt/uv8X19PMm9NkVhWgT7xXNMk0UKCVm+IQ5rpSQOcsMUa0HWlnYYVybKMsccjcRB21vVVsaXQ6IdA==	package/README.i18n.yaml	767	a509fec3a2d0fa7d915abe33bf3542cda91bd1ae6d8144cda890970a0fe9acc6
@deepseek-ai/dsh@0.2.0-rc.2	EAJ3gPNcVt/uv8X19PMm9NkVhWgT7xXNMk0UKCVm+IQ5rpSQOcsMUa0HWlnYYVybKMsccjcRB21vVVsaXQ6IdA==	package/README.md	7224	4888e4e05d413915aaf013d6dea00278b251adbf16045d0048ac2242851a03c7
@deepseek-ai/dsh@0.2.0-rc.2	EAJ3gPNcVt/uv8X19PMm9NkVhWgT7xXNMk0UKCVm+IQ5rpSQOcsMUa0HWlnYYVybKMsccjcRB21vVVsaXQ6IdA==	package/README.zh.md	7157	db305fc18a04d1542724a6a72947ef795be9d43c2fbd621b59bbbf7ab741f867
@deepseek-ai/dsh@0.2.0-rc.2	EAJ3gPNcVt/uv8X19PMm9NkVhWgT7xXNMk0UKCVm+IQ5rpSQOcsMUa0HWlnYYVybKMsccjcRB21vVVsaXQ6IdA==	package/lib/bin.js	11697	1a03dee18683483ff6a1b27b2a1e650230da6bcca9a0f55f7d81b3308c3f307f
@deepseek-ai/dsh@0.2.0-rc.2	EAJ3gPNcVt/uv8X19PMm9NkVhWgT7xXNMk0UKCVm+IQ5rpSQOcsMUa0HWlnYYVybKMsccjcRB21vVVsaXQ6IdA==	package/lib/dump-config-BEDI-dNY.js	2708	fa34d3397b9ac9423f3b98a9f4798b9205f684e1eaf368352e0a93c09831d28f
@deepseek-ai/dsh@0.2.0-rc.2	EAJ3gPNcVt/uv8X19PMm9NkVhWgT7xXNMk0UKCVm+IQ5rpSQOcsMUa0HWlnYYVybKMsccjcRB21vVVsaXQ6IdA==	package/lib/dump-config-crgOY3tW.js	90	4183d3918048badf0a5194fb3c86fbb37b7bf8ccbf638c14bd2ff2b1c545721a
@deepseek-ai/dsh@0.2.0-rc.2	EAJ3gPNcVt/uv8X19PMm9NkVhWgT7xXNMk0UKCVm+IQ5rpSQOcsMUa0HWlnYYVybKMsccjcRB21vVVsaXQ6IdA==	package/lib/dump-config-schema-DhhNOaro.js	2037	85c7eef6eee4532570133d3b90487996e912216b96825e33c1bb659036a269f1
@deepseek-ai/dsh@0.2.0-rc.2	EAJ3gPNcVt/uv8X19PMm9NkVhWgT7xXNMk0UKCVm+IQ5rpSQOcsMUa0HWlnYYVybKMsccjcRB21vVVsaXQ6IdA==	package/lib/plugin-BGnVfe_D.js	5928	300438e9e181847cff2e01b8bc404806da532c0801a505a2dc94a94c14c72836
@deepseek-ai/dsh@0.2.0-rc.2	EAJ3gPNcVt/uv8X19PMm9NkVhWgT7xXNMk0UKCVm+IQ5rpSQOcsMUa0HWlnYYVybKMsccjcRB21vVVsaXQ6IdA==	package/lib/profile-boot-BZ2ZjNWi.js	12593	c394b2aa2ce08a3b1fcc8c544257c7d689dd4d0b1cfaf8602687e65eeaba5aa1
@deepseek-ai/dsh@0.2.0-rc.2	EAJ3gPNcVt/uv8X19PMm9NkVhWgT7xXNMk0UKCVm+IQ5rpSQOcsMUa0HWlnYYVybKMsccjcRB21vVVsaXQ6IdA==	package/lib/profile-boot.js	310	c53d4e2caf21428e263b525e657dafaf63fd183f7ef016aabda56af7998b6c4f
@deepseek-ai/dsh@0.2.0-rc.2	EAJ3gPNcVt/uv8X19PMm9NkVhWgT7xXNMk0UKCVm+IQ5rpSQOcsMUa0HWlnYYVybKMsccjcRB21vVVsaXQ6IdA==	package/lib/types/args.d.ts	2989	dc1054bdca71a3a3d840eab441c03a6ca6c31aaec649652faa1788317790a9a9
@deepseek-ai/dsh@0.2.0-rc.2	EAJ3gPNcVt/uv8X19PMm9NkVhWgT7xXNMk0UKCVm+IQ5rpSQOcsMUa0HWlnYYVybKMsccjcRB21vVVsaXQ6IdA==	package/lib/types/bin.d.ts	770	7e403cae4c0bae0845e07d3698ce3e7459d74132c7accb5119bb47d39c201609
@deepseek-ai/dsh@0.2.0-rc.2	EAJ3gPNcVt/uv8X19PMm9NkVhWgT7xXNMk0UKCVm+IQ5rpSQOcsMUa0HWlnYYVybKMsccjcRB21vVVsaXQ6IdA==	package/lib/types/dump-config-schema.d.ts	979	75484f0f442dde459de9da50d28eec911a4c660f1e31afe378f1c167fa3c3faf
@deepseek-ai/dsh@0.2.0-rc.2	EAJ3gPNcVt/uv8X19PMm9NkVhWgT7xXNMk0UKCVm+IQ5rpSQOcsMUa0HWlnYYVybKMsccjcRB21vVVsaXQ6IdA==	package/lib/types/dump-config.d.ts	1587	48e9c71f3d20376c928bdfc683e03dd8d821d57d494611e2428811b931d28ce7
@deepseek-ai/dsh@0.2.0-rc.2	EAJ3gPNcVt/uv8X19PMm9NkVhWgT7xXNMk0UKCVm+IQ5rpSQOcsMUa0HWlnYYVybKMsccjcRB21vVVsaXQ6IdA==	package/lib/types/plugin.d.ts	667	13f7bdcf1892b22b13064a996348c0526de89750d706fa04164b634c3920dc71
@deepseek-ai/dsh@0.2.0-rc.2	EAJ3gPNcVt/uv8X19PMm9NkVhWgT7xXNMk0UKCVm+IQ5rpSQOcsMUa0HWlnYYVybKMsccjcRB21vVVsaXQ6IdA==	package/lib/types/process-shutdown.d.ts	1345	ac138facee40b2a01436b3778a47bc086ccc8ece145b9ee04e9317dafa628bc4
@deepseek-ai/dsh@0.2.0-rc.2	EAJ3gPNcVt/uv8X19PMm9NkVhWgT7xXNMk0UKCVm+IQ5rpSQOcsMUa0HWlnYYVybKMsccjcRB21vVVsaXQ6IdA==	package/lib/types/profile-boot.d.ts	4992	1e9672c740c855aec2fab3224b8ca7bb80931401c6145c59f4dcd1e0b560d96c
@deepseek-ai/dsh@0.2.0-rc.2	EAJ3gPNcVt/uv8X19PMm9NkVhWgT7xXNMk0UKCVm+IQ5rpSQOcsMUa0HWlnYYVybKMsccjcRB21vVVsaXQ6IdA==	package/lib/types/startup-diagnostics.d.ts	1090	3d18c7fb6c3c38e198acf2c00e24956947cd96500194934ea334cfed58c84051
@deepseek-ai/dsh@0.2.0-rc.2	EAJ3gPNcVt/uv8X19PMm9NkVhWgT7xXNMk0UKCVm+IQ5rpSQOcsMUa0HWlnYYVybKMsccjcRB21vVVsaXQ6IdA==	package/package.json	7333	0a85203e3e907dd2e3bec34324a2494758ca6cdee234b07090a7c8df0b11acac
@deepseek-ai/dsh-app-boot@0.2.0-rc.2	WvgNhBHSj85Z7u9vC1oQr9C7yZQ/L/JS+eVK4bueWEkaoqdEna504V5bi7qtWXxAz5JkeVZTy1sX86p8XG7LJg==	package/LICENSE	1065	ebb4f09972aee8608be255debaf78451a68e95c290f55c240dec2ecfa16ea6be
@deepseek-ai/dsh-app-boot@0.2.0-rc.2	WvgNhBHSj85Z7u9vC1oQr9C7yZQ/L/JS+eVK4bueWEkaoqdEna504V5bi7qtWXxAz5JkeVZTy1sX86p8XG7LJg==	package/README.i18n.yaml	2776	b7e422d4126632373bffff82ad3c50dfe26a304258d4cfa90acb723909aba4ac
@deepseek-ai/dsh-app-boot@0.2.0-rc.2	WvgNhBHSj85Z7u9vC1oQr9C7yZQ/L/JS+eVK4bueWEkaoqdEna504V5bi7qtWXxAz5JkeVZTy1sX86p8XG7LJg==	package/README.md	33138	9912edf53592f9b45fe8c50a2f08f340df541cde161687b275077442a01173dc
@deepseek-ai/dsh-app-boot@0.2.0-rc.2	WvgNhBHSj85Z7u9vC1oQr9C7yZQ/L/JS+eVK4bueWEkaoqdEna504V5bi7qtWXxAz5JkeVZTy1sX86p8XG7LJg==	package/README.zh.md	31003	f2fa7467184ca484acc559a7bf5acecab142215cf2fb4cd5d0cff8dc3af79e89
@deepseek-ai/dsh-app-boot@0.2.0-rc.2	WvgNhBHSj85Z7u9vC1oQr9C7yZQ/L/JS+eVK4bueWEkaoqdEna504V5bi7qtWXxAz5JkeVZTy1sX86p8XG7LJg==	package/lib/index.js	181850	234db45e1b3f8c683b5bc1f551948b2a2ec52a6468c7b6937725a23f1c0e0d96
@deepseek-ai/dsh-app-boot@0.2.0-rc.2	WvgNhBHSj85Z7u9vC1oQr9C7yZQ/L/JS+eVK4bueWEkaoqdEna504V5bi7qtWXxAz5JkeVZTy1sX86p8XG7LJg==	package/lib/types/compatibility-preflight.d.ts	2100	4675998119f94c7a61fded7f026471dd703e7ece9a3a44a5146091f5a19dc5bb
@deepseek-ai/dsh-app-boot@0.2.0-rc.2	WvgNhBHSj85Z7u9vC1oQr9C7yZQ/L/JS+eVK4bueWEkaoqdEna504V5bi7qtWXxAz5JkeVZTy1sX86p8XG7LJg==	package/lib/types/config-schema/collect.d.ts	1427	25ba376fb523a1809bd3a2ce4980abdf994ca6e429f7db4265d9e32f102525be
@deepseek-ai/dsh-app-boot@0.2.0-rc.2	WvgNhBHSj85Z7u9vC1oQr9C7yZQ/L/JS+eVK4bueWEkaoqdEna504V5bi7qtWXxAz5JkeVZTy1sX86p8XG7LJg==	package/lib/types/config-schema/document.d.ts	1127	79b51033d061fea30ed4a9394e920acd3dff04ef39f38f6a08a762d4cfa3e59d
@deepseek-ai/dsh-app-boot@0.2.0-rc.2	WvgNhBHSj85Z7u9vC1oQr9C7yZQ/L/JS+eVK4bueWEkaoqdEna504V5bi7qtWXxAz5JkeVZTy1sX86p8XG7LJg==	package/lib/types/config-schema/index.d.ts	1588	ddbc208bab519cac1755105c16ecb41cb7655b85c2a94f6047336ae8cca96ce2
@deepseek-ai/dsh-app-boot@0.2.0-rc.2	WvgNhBHSj85Z7u9vC1oQr9C7yZQ/L/JS+eVK4bueWEkaoqdEna504V5bi7qtWXxAz5JkeVZTy1sX86p8XG7LJg==	package/lib/types/config-schema/native.d.ts	487	eae070ac8533acda4c98b0e74e594fb12b2bf78ec44e9a6c225c0e0856b38910
@deepseek-ai/dsh-app-boot@0.2.0-rc.2	WvgNhBHSj85Z7u9vC1oQr9C7yZQ/L/JS+eVK4bueWEkaoqdEna504V5bi7qtWXxAz5JkeVZTy1sX86p8XG7LJg==	package/lib/types/config-schema/pattern.d.ts	564	7a9c0c45cd9e3bdf06a3f114141bac2e361e23e43114f6584e0aa02e23961a70
@deepseek-ai/dsh-app-boot@0.2.0-rc.2	WvgNhBHSj85Z7u9vC1oQr9C7yZQ/L/JS+eVK4bueWEkaoqdEna504V5bi7qtWXxAz5JkeVZTy1sX86p8XG7LJg==	package/lib/types/config-schema/projector.d.ts	1376	0eb25c00f6715718eed9307ec71b6fffc8d12b5f352a146ab6f34da6295d8777
@deepseek-ai/dsh-app-boot@0.2.0-rc.2	WvgNhBHSj85Z7u9vC1oQr9C7yZQ/L/JS+eVK4bueWEkaoqdEna504V5bi7qtWXxAz5JkeVZTy1sX86p8XG7LJg==	package/lib/types/config-schema/types.d.ts	3514	29609b86bc59ad48e2e225d7bea5db3b7c25412ff32e6826aef4fe3ac20beb77
@deepseek-ai/dsh-app-boot@0.2.0-rc.2	WvgNhBHSj85Z7u9vC1oQr9C7yZQ/L/JS+eVK4bueWEkaoqdEna504V5bi7qtWXxAz5JkeVZTy1sX86p8XG7LJg==	package/lib/types/index.d.ts	20308	e15c31d10d33fe7a53449568732a55dc1ff3d181f01c38bd6bb82152e45ee92c
@deepseek-ai/dsh-app-boot@0.2.0-rc.2	WvgNhBHSj85Z7u9vC1oQr9C7yZQ/L/JS+eVK4bueWEkaoqdEna504V5bi7qtWXxAz5JkeVZTy1sX86p8XG7LJg==	package/lib/types/package-meta.d.ts	1811	0bf54e4e634670521c92f2a9858641ff231c298952f3b9b499d5d17463407a63
@deepseek-ai/dsh-app-boot@0.2.0-rc.2	WvgNhBHSj85Z7u9vC1oQr9C7yZQ/L/JS+eVK4bueWEkaoqdEna504V5bi7qtWXxAz5JkeVZTy1sX86p8XG7LJg==	package/lib/types/plugin-compatibility.d.ts	2041	115ba9e65ba26e92d19e37901eaae965028d97959b267c98bad7c522564e8800
@deepseek-ai/dsh-app-boot@0.2.0-rc.2	WvgNhBHSj85Z7u9vC1oQr9C7yZQ/L/JS+eVK4bueWEkaoqdEna504V5bi7qtWXxAz5JkeVZTy1sX86p8XG7LJg==	package/lib/types/profile-compatibility.d.ts	3376	789c1017139fb0fe63515797ff4a1eb3245891bde7712d1b214a6657100d6359
@deepseek-ai/dsh-app-boot@0.2.0-rc.2	WvgNhBHSj85Z7u9vC1oQr9C7yZQ/L/JS+eVK4bueWEkaoqdEna504V5bi7qtWXxAz5JkeVZTy1sX86p8XG7LJg==	package/lib/types/profile-context.d.ts	2701	81e5e564a70ffa03e65f2651d471ca89ee5efbc63afa6674705331ed1717a901
@deepseek-ai/dsh-app-boot@0.2.0-rc.2	WvgNhBHSj85Z7u9vC1oQr9C7yZQ/L/JS+eVK4bueWEkaoqdEna504V5bi7qtWXxAz5JkeVZTy1sX86p8XG7LJg==	package/lib/types/profile-plugins.d.ts	3344	43d6617505059b373d7ca12e2071677c6f0fe605bbff6ccd80563684f805755c
@deepseek-ai/dsh-app-boot@0.2.0-rc.2	WvgNhBHSj85Z7u9vC1oQr9C7yZQ/L/JS+eVK4bueWEkaoqdEna504V5bi7qtWXxAz5JkeVZTy1sX86p8XG7LJg==	package/lib/types/profile-resolution/legacy-links.d.ts	378	29b959de0b630384884e0d30b5f6bf6f13cd5ebf7318a8ade9c3908b24e5b047
@deepseek-ai/dsh-app-boot@0.2.0-rc.2	WvgNhBHSj85Z7u9vC1oQr9C7yZQ/L/JS+eVK4bueWEkaoqdEna504V5bi7qtWXxAz5JkeVZTy1sX86p8XG7LJg==	package/lib/types/profile-resolution/resolver.d.ts	2389	21060d0ad8e7418268f25cf66404b71d0c7affe38e91d7e453cccdabd01c8c0d
@deepseek-ai/dsh-app-boot@0.2.0-rc.2	WvgNhBHSj85Z7u9vC1oQr9C7yZQ/L/JS+eVK4bueWEkaoqdEna504V5bi7qtWXxAz5JkeVZTy1sX86p8XG7LJg==	package/lib/types/profile-resolution/service.d.ts	2641	696c448fadcfcecdf3d6aa75a07a712d71d1a0f08b84db798a37a6d54990221e
@deepseek-ai/dsh-app-boot@0.2.0-rc.2	WvgNhBHSj85Z7u9vC1oQr9C7yZQ/L/JS+eVK4bueWEkaoqdEna504V5bi7qtWXxAz5JkeVZTy1sX86p8XG7LJg==	package/lib/types/profile-resolution/worker-bootstrap.d.ts	134	043ec68c8cbe7fe673cbe83fc91c292821ee5a66d059cf0e6ff3f133f5527067
@deepseek-ai/dsh-app-boot@0.2.0-rc.2	WvgNhBHSj85Z7u9vC1oQr9C7yZQ/L/JS+eVK4bueWEkaoqdEna504V5bi7qtWXxAz5JkeVZTy1sX86p8XG7LJg==	package/lib/types/profile-sanitize.d.ts	908	9e4457035707f99c48541b7a94deba860f0dddaf286100a6b5d4aaff73f8ef3e
@deepseek-ai/dsh-app-boot@0.2.0-rc.2	WvgNhBHSj85Z7u9vC1oQr9C7yZQ/L/JS+eVK4bueWEkaoqdEna504V5bi7qtWXxAz5JkeVZTy1sX86p8XG7LJg==	package/lib/types/profile.d.ts	13286	fc7b37e3c4b1f6e2fd2b144b659599212188c16c4fa2efd05f7d8419747a2a00
@deepseek-ai/dsh-app-boot@0.2.0-rc.2	WvgNhBHSj85Z7u9vC1oQr9C7yZQ/L/JS+eVK4bueWEkaoqdEna504V5bi7qtWXxAz5JkeVZTy1sX86p8XG7LJg==	package/lib/worker/profile-resolution-bootstrap.js	31833	4efac00eba95637481deb245ac4e5b497fceebb55db8e199675406b6bf53dbed
@deepseek-ai/dsh-app-boot@0.2.0-rc.2	WvgNhBHSj85Z7u9vC1oQr9C7yZQ/L/JS+eVK4bueWEkaoqdEna504V5bi7qtWXxAz5JkeVZTy1sX86p8XG7LJg==	package/package.json	2239	38ed12cd4992736d37c1251d7c3f1696e2903d0f398a7686f1e692c171e56525
@deepseek-ai/dsh-base@0.2.0-rc.2	AclHClefnPmUe2qoPrKMUvauA/KelYevYlxFdHLZGcPRqrDH+D21HyrwJmj4f7Iu5OO0IqfjB4zBOkwMp5h1ug==	package/LICENSE	1065	ebb4f09972aee8608be255debaf78451a68e95c290f55c240dec2ecfa16ea6be
@deepseek-ai/dsh-base@0.2.0-rc.2	AclHClefnPmUe2qoPrKMUvauA/KelYevYlxFdHLZGcPRqrDH+D21HyrwJmj4f7Iu5OO0IqfjB4zBOkwMp5h1ug==	package/README.i18n.yaml	2187	f029e7fe4e05e7b9720e385f243c2012f1b3b86766777b93f1880158437dfcb2
@deepseek-ai/dsh-base@0.2.0-rc.2	AclHClefnPmUe2qoPrKMUvauA/KelYevYlxFdHLZGcPRqrDH+D21HyrwJmj4f7Iu5OO0IqfjB4zBOkwMp5h1ug==	package/README.md	9923	5e3a02e87b7b9e2c81b1f29ea60226866fb9329c8e238f60a6b9eda5d272c101
@deepseek-ai/dsh-base@0.2.0-rc.2	AclHClefnPmUe2qoPrKMUvauA/KelYevYlxFdHLZGcPRqrDH+D21HyrwJmj4f7Iu5OO0IqfjB4zBOkwMp5h1ug==	package/README.zh.md	9599	f6cadba25a223c0b04f0063c0c88e421eac9788a88e3afab41570fc4766c9da1
@deepseek-ai/dsh-base@0.2.0-rc.2	AclHClefnPmUe2qoPrKMUvauA/KelYevYlxFdHLZGcPRqrDH+D21HyrwJmj4f7Iu5OO0IqfjB4zBOkwMp5h1ug==	package/cordis.patch.yml	20780	9c2be64f46a193eff3cca190c26e697e8e8eee25c9b40149dfdb56f8142c252d
@deepseek-ai/dsh-base@0.2.0-rc.2	AclHClefnPmUe2qoPrKMUvauA/KelYevYlxFdHLZGcPRqrDH+D21HyrwJmj4f7Iu5OO0IqfjB4zBOkwMp5h1ug==	package/lib/index.js	11	8e609bb71c20b858c77f0e9f90bb1319db8477b13f9f965f1a1e18524bf50881
@deepseek-ai/dsh-base@0.2.0-rc.2	AclHClefnPmUe2qoPrKMUvauA/KelYevYlxFdHLZGcPRqrDH+D21HyrwJmj4f7Iu5OO0IqfjB4zBOkwMp5h1ug==	package/lib/types/index.d.ts	356	63fb9f0c5de9e5f64db77e9bf8c6d3b7a37a73e94fdcea656ade05c37706f533
@deepseek-ai/dsh-base@0.2.0-rc.2	AclHClefnPmUe2qoPrKMUvauA/KelYevYlxFdHLZGcPRqrDH+D21HyrwJmj4f7Iu5OO0IqfjB4zBOkwMp5h1ug==	package/package.json	5998	a6a92d062ef5e30a3e4b9d52a3dc8530e909cd0905168e0a2834437c10e02124
@deepseek-ai/dsh-sdk-app@0.2.0-rc.2	RX2ugii2C1AwJk/n1ajqypelNubOxdMfTNsG+vwTBEtonmjiJ4ACoKLFV/P6+RtyEeKEcveIEO1EmI6yXEjeMw==	package/LICENSE	1065	ebb4f09972aee8608be255debaf78451a68e95c290f55c240dec2ecfa16ea6be
@deepseek-ai/dsh-sdk-app@0.2.0-rc.2	RX2ugii2C1AwJk/n1ajqypelNubOxdMfTNsG+vwTBEtonmjiJ4ACoKLFV/P6+RtyEeKEcveIEO1EmI6yXEjeMw==	package/README.i18n.yaml	1532	82cd022b9d8812746d39c7e8698374ca71a1d3f61c9b09614d9593fabdf37c18
@deepseek-ai/dsh-sdk-app@0.2.0-rc.2	RX2ugii2C1AwJk/n1ajqypelNubOxdMfTNsG+vwTBEtonmjiJ4ACoKLFV/P6+RtyEeKEcveIEO1EmI6yXEjeMw==	package/README.md	5037	83f7af4ae7f06b7f581ecd893ac4f381f5c069be3b2c9e78f6112ee92e76fd44
@deepseek-ai/dsh-sdk-app@0.2.0-rc.2	RX2ugii2C1AwJk/n1ajqypelNubOxdMfTNsG+vwTBEtonmjiJ4ACoKLFV/P6+RtyEeKEcveIEO1EmI6yXEjeMw==	package/README.zh.md	4892	af1134cb656011459b742a1dc2b406e35387e252f6037ecdfd8529d16726740b
@deepseek-ai/dsh-sdk-app@0.2.0-rc.2	RX2ugii2C1AwJk/n1ajqypelNubOxdMfTNsG+vwTBEtonmjiJ4ACoKLFV/P6+RtyEeKEcveIEO1EmI6yXEjeMw==	package/cordis.patch.yml	1818	df3fd271ebc2d9bde61affc63eca3cc233a42c9af892faa37f92641cb089b6ba
@deepseek-ai/dsh-sdk-app@0.2.0-rc.2	RX2ugii2C1AwJk/n1ajqypelNubOxdMfTNsG+vwTBEtonmjiJ4ACoKLFV/P6+RtyEeKEcveIEO1EmI6yXEjeMw==	package/lib/index.js	1921	cc7e6c38b0b38c0e92a0dffb45210c1dac6ef518547436e805e84b772f91a475
@deepseek-ai/dsh-sdk-app@0.2.0-rc.2	RX2ugii2C1AwJk/n1ajqypelNubOxdMfTNsG+vwTBEtonmjiJ4ACoKLFV/P6+RtyEeKEcveIEO1EmI6yXEjeMw==	package/lib/types/index.d.ts	1299	859b5cc63eb9c7e4a0e4fe2adc8860a8cedf7bd0122a7db51d79a1cf372485a0
@deepseek-ai/dsh-sdk-app@0.2.0-rc.2	RX2ugii2C1AwJk/n1ajqypelNubOxdMfTNsG+vwTBEtonmjiJ4ACoKLFV/P6+RtyEeKEcveIEO1EmI6yXEjeMw==	package/package.json	1363	cb169720b9fc61ee0384f79f4206792fdd974c31d00e9dea2da5ac47b28c73b8
@deepseek-ai/dsh-sdk-jsonrpc-server@0.2.0-rc.2	lNg524lActTvh27Z+FDQOD3n43hzVXe/rN9+q3gGBuUeUkMv+7Hw5TFiDqE6H4VzqAUvuQp8B/0LkChtY2Fi4A==	package/LICENSE	1065	ebb4f09972aee8608be255debaf78451a68e95c290f55c240dec2ecfa16ea6be
@deepseek-ai/dsh-sdk-jsonrpc-server@0.2.0-rc.2	lNg524lActTvh27Z+FDQOD3n43hzVXe/rN9+q3gGBuUeUkMv+7Hw5TFiDqE6H4VzqAUvuQp8B/0LkChtY2Fi4A==	package/README.i18n.yaml	2919	e4bbfd23d5ff2c05ffd823f9e635dde8bd73f48bf6fc8ce3b93b51d3b6c2027c
@deepseek-ai/dsh-sdk-jsonrpc-server@0.2.0-rc.2	lNg524lActTvh27Z+FDQOD3n43hzVXe/rN9+q3gGBuUeUkMv+7Hw5TFiDqE6H4VzqAUvuQp8B/0LkChtY2Fi4A==	package/README.md	9609	8927dd81f3f78733e449ab56a39269cf33845e084c5ed8cc911afdafa20ac237
@deepseek-ai/dsh-sdk-jsonrpc-server@0.2.0-rc.2	lNg524lActTvh27Z+FDQOD3n43hzVXe/rN9+q3gGBuUeUkMv+7Hw5TFiDqE6H4VzqAUvuQp8B/0LkChtY2Fi4A==	package/README.zh.md	9024	cfe3f0f643b7a1f7a2b9b1da193425c501413943bea4138fa0ce2d8026aaf297
@deepseek-ai/dsh-sdk-jsonrpc-server@0.2.0-rc.2	lNg524lActTvh27Z+FDQOD3n43hzVXe/rN9+q3gGBuUeUkMv+7Hw5TFiDqE6H4VzqAUvuQp8B/0LkChtY2Fi4A==	package/lib/index.js	11430	f935ba0fc284441b8937c45feddd030cd85ae6e2514b3fe64104dc28202d9353
@deepseek-ai/dsh-sdk-jsonrpc-server@0.2.0-rc.2	lNg524lActTvh27Z+FDQOD3n43hzVXe/rN9+q3gGBuUeUkMv+7Hw5TFiDqE6H4VzqAUvuQp8B/0LkChtY2Fi4A==	package/lib/types/index.d.ts	1780	cad74e448a8428ec5329b69a794e41b50c27b5b52b06602991670796fe37f971
@deepseek-ai/dsh-sdk-jsonrpc-server@0.2.0-rc.2	lNg524lActTvh27Z+FDQOD3n43hzVXe/rN9+q3gGBuUeUkMv+7Hw5TFiDqE6H4VzqAUvuQp8B/0LkChtY2Fi4A==	package/lib/types/server.d.ts	2822	936612c50b6ac29b893fe0b9f100b40addb503df03e31ea605f6ffb129b4bc61
@deepseek-ai/dsh-sdk-jsonrpc-server@0.2.0-rc.2	lNg524lActTvh27Z+FDQOD3n43hzVXe/rN9+q3gGBuUeUkMv+7Hw5TFiDqE6H4VzqAUvuQp8B/0LkChtY2Fi4A==	package/package.json	2000	68f45f66415caaf20995bb6f22629eba07eea093ee639f26853aed94e6be49ce
@deepseek-ai/dsh-sdk-protocol@0.2.0-rc.2	hs4Kl2x17wAuhSMUWuNpeHvv1mOm+F+A2EQnYu1QmxVux50PR3xHthee7IX/PylpgZybcfBn1JAigKvOFs5GPA==	package/LICENSE	1065	ebb4f09972aee8608be255debaf78451a68e95c290f55c240dec2ecfa16ea6be
@deepseek-ai/dsh-sdk-protocol@0.2.0-rc.2	hs4Kl2x17wAuhSMUWuNpeHvv1mOm+F+A2EQnYu1QmxVux50PR3xHthee7IX/PylpgZybcfBn1JAigKvOFs5GPA==	package/README.i18n.yaml	2074	a1ce7fea3e1518d36a1fc1550d94976e8f3f7a58bf841b26651b3d758f03bb79
@deepseek-ai/dsh-sdk-protocol@0.2.0-rc.2	hs4Kl2x17wAuhSMUWuNpeHvv1mOm+F+A2EQnYu1QmxVux50PR3xHthee7IX/PylpgZybcfBn1JAigKvOFs5GPA==	package/README.md	8764	b076fd21150774051221796c46dba7fea15dc9b70a5e28102cba07fd6e2981d1
@deepseek-ai/dsh-sdk-protocol@0.2.0-rc.2	hs4Kl2x17wAuhSMUWuNpeHvv1mOm+F+A2EQnYu1QmxVux50PR3xHthee7IX/PylpgZybcfBn1JAigKvOFs5GPA==	package/README.zh.md	8006	b45c1bb86022c0b65015c142894ae8349d5f2a33704f75d01ce806b0ba825e5f
@deepseek-ai/dsh-sdk-protocol@0.2.0-rc.2	hs4Kl2x17wAuhSMUWuNpeHvv1mOm+F+A2EQnYu1QmxVux50PR3xHthee7IX/PylpgZybcfBn1JAigKvOFs5GPA==	package/lib/index.js	7336	371c38ca3514797d86df5f4bb78a56c40a2637294b83aababe8145bec6a20253
@deepseek-ai/dsh-sdk-protocol@0.2.0-rc.2	hs4Kl2x17wAuhSMUWuNpeHvv1mOm+F+A2EQnYu1QmxVux50PR3xHthee7IX/PylpgZybcfBn1JAigKvOFs5GPA==	package/lib/types/index.d.ts	913	41b945e3612b25880450bb57ceadb747da14eda85b17fd1607707d0f9d720fed
@deepseek-ai/dsh-sdk-protocol@0.2.0-rc.2	hs4Kl2x17wAuhSMUWuNpeHvv1mOm+F+A2EQnYu1QmxVux50PR3xHthee7IX/PylpgZybcfBn1JAigKvOFs5GPA==	package/lib/types/transport.d.ts	4319	4fb19e5badbb02c6b61b79349766ba130140f884f45badc09c05b2cb087f0a45
@deepseek-ai/dsh-sdk-protocol@0.2.0-rc.2	hs4Kl2x17wAuhSMUWuNpeHvv1mOm+F+A2EQnYu1QmxVux50PR3xHthee7IX/PylpgZybcfBn1JAigKvOFs5GPA==	package/lib/types/types.d.ts	5037	2f2d71310e5671a0fd13b9a0419f814ac05d0f40a96ca3e7af0d5242fba698ae
@deepseek-ai/dsh-sdk-protocol@0.2.0-rc.2	hs4Kl2x17wAuhSMUWuNpeHvv1mOm+F+A2EQnYu1QmxVux50PR3xHthee7IX/PylpgZybcfBn1JAigKvOFs5GPA==	package/package.json	1220	41c92886f1877b0e2a390d7bcd16e4f7df6093e376df182f9e755b01dd6a9237
