from_version	to_version	from_wheel_sha256	to_wheel_sha256	member_path	from_member_sha256	to_member_sha256	classification
0.1.0rc6	0.1.0rc7	2bbd65edd52dfc340d74f88a890e8031a272a820e58406c2de1f5f5dee51bd9f	39ae51dec905c496ede69250d51b02a424a6c96829feb2ad7e01b3cec97a3255	deepseek_harness_runtime/runtime/dsh-jsonrpc-agent-pkg-macos-arm64	ac1c91462518427467bd0a0ca3bf1049df62be0dbe8b0ee8014c6761cb8f80bf	3599d21730c28f0a52015be8b24104c2c20fbab76377259793936df416f799d5	Primary native runtime payload added, removed, or changed; opaque, not executed; source/build mapping unavailable
0.1.0rc6	0.1.0rc7	2bbd65edd52dfc340d74f88a890e8031a272a820e58406c2de1f5f5dee51bd9f	39ae51dec905c496ede69250d51b02a424a6c96829feb2ad7e01b3cec97a3255	deepseek_harness_runtime/runtime/dsh-jsonrpc-agent-pkg-macos-arm64-spawn-helper	21c589109bca43e287df884f3c34ab888033a83927ea7d273949ac5030583f26	08bc83a084651d095645010d34783f94b9af443614747e953e66d6578027e999	macOS process/PTY support helper changed or renamed; identity recorded, implementation opaque and not executed
0.1.0rc6	0.1.0rc7	2bbd65edd52dfc340d74f88a890e8031a272a820e58406c2de1f5f5dee51bd9f	39ae51dec905c496ede69250d51b02a424a6c96829feb2ad7e01b3cec97a3255	deepseek_harness_runtime_bin-0.1.0rc6.dist-info/METADATA	4faa23ede31d0526015f140d035a7dea492a44e756fca4f1100b4ba09398e93c		Wheel distribution metadata or license changed; full bytes retained in inventory
0.1.0rc6	0.1.0rc7	2bbd65edd52dfc340d74f88a890e8031a272a820e58406c2de1f5f5dee51bd9f	39ae51dec905c496ede69250d51b02a424a6c96829feb2ad7e01b3cec97a3255	deepseek_harness_runtime_bin-0.1.0rc6.dist-info/RECORD	affdedef169eaa020c117d35c6ef4e990e454acfdda89c38f04f3718e1ec075b		Wheel distribution metadata or license changed; full bytes retained in inventory
0.1.0rc6	0.1.0rc7	2bbd65edd52dfc340d74f88a890e8031a272a820e58406c2de1f5f5dee51bd9f	39ae51dec905c496ede69250d51b02a424a6c96829feb2ad7e01b3cec97a3255	deepseek_harness_runtime_bin-0.1.0rc6.dist-info/WHEEL	857af147fa865cc445426c997e1d96de7fcb03095c2afb8915efb1ddbf633d9f		Wheel distribution metadata or license changed; full bytes retained in inventory
0.1.0rc6	0.1.0rc7	2bbd65edd52dfc340d74f88a890e8031a272a820e58406c2de1f5f5dee51bd9f	39ae51dec905c496ede69250d51b02a424a6c96829feb2ad7e01b3cec97a3255	deepseek_harness_runtime_bin-0.1.0rc6.dist-info/licenses/LICENSE	ebb4f09972aee8608be255debaf78451a68e95c290f55c240dec2ecfa16ea6be		Wheel distribution metadata or license changed; full bytes retained in inventory
0.1.0rc6	0.1.0rc7	2bbd65edd52dfc340d74f88a890e8031a272a820e58406c2de1f5f5dee51bd9f	39ae51dec905c496ede69250d51b02a424a6c96829feb2ad7e01b3cec97a3255	deepseek_harness_runtime_bin-0.1.0rc6.dist-info/licenses/THIRD_PARTY_NOTICES.md	61f68731049dbea19ba91ad8cf363dd2778c5f7b1f9a63496a6a62c1129eefee		Wheel distribution metadata or license changed; full bytes retained in inventory
0.1.0rc6	0.1.0rc7	2bbd65edd52dfc340d74f88a890e8031a272a820e58406c2de1f5f5dee51bd9f	39ae51dec905c496ede69250d51b02a424a6c96829feb2ad7e01b3cec97a3255	deepseek_harness_runtime_bin-0.1.0rc7.dist-info/METADATA		5c3872684ac46e7c10663b13427e6e714ad23484c14a659e71d113876ecb94b2	Wheel distribution metadata or license changed; full bytes retained in inventory
0.1.0rc6	0.1.0rc7	2bbd65edd52dfc340d74f88a890e8031a272a820e58406c2de1f5f5dee51bd9f	39ae51dec905c496ede69250d51b02a424a6c96829feb2ad7e01b3cec97a3255	deepseek_harness_runtime_bin-0.1.0rc7.dist-info/RECORD		f97ecc4dba89992d4f8e009825dd3b48a49419db3c1f0214e2f592a4d26d968e	Wheel distribution metadata or license changed; full bytes retained in inventory
0.1.0rc6	0.1.0rc7	2bbd65edd52dfc340d74f88a890e8031a272a820e58406c2de1f5f5dee51bd9f	39ae51dec905c496ede69250d51b02a424a6c96829feb2ad7e01b3cec97a3255	deepseek_harness_runtime_bin-0.1.0rc7.dist-info/WHEEL		857af147fa865cc445426c997e1d96de7fcb03095c2afb8915efb1ddbf633d9f	Wheel distribution metadata or license changed; full bytes retained in inventory
0.1.0rc6	0.1.0rc7	2bbd65edd52dfc340d74f88a890e8031a272a820e58406c2de1f5f5dee51bd9f	39ae51dec905c496ede69250d51b02a424a6c96829feb2ad7e01b3cec97a3255	deepseek_harness_runtime_bin-0.1.0rc7.dist-info/licenses/LICENSE		ebb4f09972aee8608be255debaf78451a68e95c290f55c240dec2ecfa16ea6be	Wheel distribution metadata or license changed; full bytes retained in inventory
0.1.0rc6	0.1.0rc7	2bbd65edd52dfc340d74f88a890e8031a272a820e58406c2de1f5f5dee51bd9f	39ae51dec905c496ede69250d51b02a424a6c96829feb2ad7e01b3cec97a3255	deepseek_harness_runtime_bin-0.1.0rc7.dist-info/licenses/THIRD_PARTY_NOTICES.md		4a2ff8717eeb94173df9f98316437ce6e0817f740cd1e23098d5b29a3e72791a	Wheel distribution metadata or license changed; full bytes retained in inventory
0.1.0rc7	0.1.1rc1	39ae51dec905c496ede69250d51b02a424a6c96829feb2ad7e01b3cec97a3255	2707cd666ba49ee0963228873abf7850ca7ec5e782cca61e3603793bace0d1cf	deepseek_harness_runtime/__init__.py	5c4fa9e88d7a72d40371bc36bdcfc51601f9d46b5e626d0c1ed8704647219152	d20ce13535423c98d775c303931af5c59b584971e9ee101de33523ac384b326b	Launcher adds a required ripgrep-sidecar lookup; retains the dsh-jsonrpc-agent launch path
0.1.0rc7	0.1.1rc1	39ae51dec905c496ede69250d51b02a424a6c96829feb2ad7e01b3cec97a3255	2707cd666ba49ee0963228873abf7850ca7ec5e782cca61e3603793bace0d1cf	deepseek_harness_runtime/runtime/dsh-jsonrpc-agent-pkg-macos-arm64	3599d21730c28f0a52015be8b24104c2c20fbab76377259793936df416f799d5	8f8014cc519e9c9df50c84714aed35ca417e8467b41401cf925fbb05341adf02	Primary native runtime payload added, removed, or changed; opaque, not executed; source/build mapping unavailable
0.1.0rc7	0.1.1rc1	39ae51dec905c496ede69250d51b02a424a6c96829feb2ad7e01b3cec97a3255	2707cd666ba49ee0963228873abf7850ca7ec5e782cca61e3603793bace0d1cf	deepseek_harness_runtime/runtime/dsh-jsonrpc-agent-pkg-macos-arm64-rg		6ef40346bf31fcce79d9614c7745c198542925a0c7d4911e1ffe794c53392ac1	Ripgrep support executable added or renamed with runtime transition; identity recorded, implementation opaque and not executed
0.1.0rc7	0.1.1rc1	39ae51dec905c496ede69250d51b02a424a6c96829feb2ad7e01b3cec97a3255	2707cd666ba49ee0963228873abf7850ca7ec5e782cca61e3603793bace0d1cf	deepseek_harness_runtime_bin-0.1.0rc7.dist-info/METADATA	5c3872684ac46e7c10663b13427e6e714ad23484c14a659e71d113876ecb94b2		Wheel distribution metadata or license changed; full bytes retained in inventory
0.1.0rc7	0.1.1rc1	39ae51dec905c496ede69250d51b02a424a6c96829feb2ad7e01b3cec97a3255	2707cd666ba49ee0963228873abf7850ca7ec5e782cca61e3603793bace0d1cf	deepseek_harness_runtime_bin-0.1.0rc7.dist-info/RECORD	f97ecc4dba89992d4f8e009825dd3b48a49419db3c1f0214e2f592a4d26d968e		Wheel distribution metadata or license changed; full bytes retained in inventory
0.1.0rc7	0.1.1rc1	39ae51dec905c496ede69250d51b02a424a6c96829feb2ad7e01b3cec97a3255	2707cd666ba49ee0963228873abf7850ca7ec5e782cca61e3603793bace0d1cf	deepseek_harness_runtime_bin-0.1.0rc7.dist-info/WHEEL	857af147fa865cc445426c997e1d96de7fcb03095c2afb8915efb1ddbf633d9f		Wheel distribution metadata or license changed; full bytes retained in inventory
0.1.0rc7	0.1.1rc1	39ae51dec905c496ede69250d51b02a424a6c96829feb2ad7e01b3cec97a3255	2707cd666ba49ee0963228873abf7850ca7ec5e782cca61e3603793bace0d1cf	deepseek_harness_runtime_bin-0.1.0rc7.dist-info/licenses/LICENSE	ebb4f09972aee8608be255debaf78451a68e95c290f55c240dec2ecfa16ea6be		Wheel distribution metadata or license changed; full bytes retained in inventory
0.1.0rc7	0.1.1rc1	39ae51dec905c496ede69250d51b02a424a6c96829feb2ad7e01b3cec97a3255	2707cd666ba49ee0963228873abf7850ca7ec5e782cca61e3603793bace0d1cf	deepseek_harness_runtime_bin-0.1.0rc7.dist-info/licenses/THIRD_PARTY_NOTICES.md	4a2ff8717eeb94173df9f98316437ce6e0817f740cd1e23098d5b29a3e72791a		Wheel distribution metadata or license changed; full bytes retained in inventory
0.1.0rc7	0.1.1rc1	39ae51dec905c496ede69250d51b02a424a6c96829feb2ad7e01b3cec97a3255	2707cd666ba49ee0963228873abf7850ca7ec5e782cca61e3603793bace0d1cf	deepseek_harness_runtime_bin-0.1.1rc1.dist-info/METADATA		66152df87e897f00c14c0185c7941cab304fdf64f2f99597489be32e50927389	Wheel distribution metadata or license changed; full bytes retained in inventory
0.1.0rc7	0.1.1rc1	39ae51dec905c496ede69250d51b02a424a6c96829feb2ad7e01b3cec97a3255	2707cd666ba49ee0963228873abf7850ca7ec5e782cca61e3603793bace0d1cf	deepseek_harness_runtime_bin-0.1.1rc1.dist-info/RECORD		4f51c53d6a3f3b4ede66ed95d3554f56543e00ddf0da45a3fec4c2c7e1128c16	Wheel distribution metadata or license changed; full bytes retained in inventory
0.1.0rc7	0.1.1rc1	39ae51dec905c496ede69250d51b02a424a6c96829feb2ad7e01b3cec97a3255	2707cd666ba49ee0963228873abf7850ca7ec5e782cca61e3603793bace0d1cf	deepseek_harness_runtime_bin-0.1.1rc1.dist-info/WHEEL		857af147fa865cc445426c997e1d96de7fcb03095c2afb8915efb1ddbf633d9f	Wheel distribution metadata or license changed; full bytes retained in inventory
0.1.0rc7	0.1.1rc1	39ae51dec905c496ede69250d51b02a424a6c96829feb2ad7e01b3cec97a3255	2707cd666ba49ee0963228873abf7850ca7ec5e782cca61e3603793bace0d1cf	deepseek_harness_runtime_bin-0.1.1rc1.dist-info/licenses/LICENSE		ebb4f09972aee8608be255debaf78451a68e95c290f55c240dec2ecfa16ea6be	Wheel distribution metadata or license changed; full bytes retained in inventory
0.1.0rc7	0.1.1rc1	39ae51dec905c496ede69250d51b02a424a6c96829feb2ad7e01b3cec97a3255	2707cd666ba49ee0963228873abf7850ca7ec5e782cca61e3603793bace0d1cf	deepseek_harness_runtime_bin-0.1.1rc1.dist-info/licenses/THIRD_PARTY_NOTICES.md		50c0b03d591244cdceb61c3bcb0db224e998388af6cbad8fa9d1e980440e25b3	Wheel distribution metadata or license changed; full bytes retained in inventory
0.1.1rc1	0.1.2a3	2707cd666ba49ee0963228873abf7850ca7ec5e782cca61e3603793bace0d1cf	fb82bf60c4cd5e793bed6caa5060589a31f349342bd9f4bb70826a854419c32d	deepseek_harness_runtime/__init__.py	d20ce13535423c98d775c303931af5c59b584971e9ee101de33523ac384b326b	782b2ae248cc9d2af5f174f1be82bc7ddab967baf3c83e29ebab920a940813d7	Launcher reset: selects deepseek-harness-sdk-runtime instead of dsh-jsonrpc-agent; removes default Cordis-config helper; requires DSH_HOME; adds Windows and profile-based dsh CLI support
0.1.1rc1	0.1.2a3	2707cd666ba49ee0963228873abf7850ca7ec5e782cca61e3603793bace0d1cf	fb82bf60c4cd5e793bed6caa5060589a31f349342bd9f4bb70826a854419c32d	deepseek_harness_runtime/runtime/cordis.yml	048031be7331f2b68c81b3cbfacacc06ee767dae1e8f00cbdc3137c1e55001af		Removed old embedded Cordis config at SDK profile transition; old host-config path is absent from subsequent wheel trees
0.1.1rc1	0.1.2a3	2707cd666ba49ee0963228873abf7850ca7ec5e782cca61e3603793bace0d1cf	fb82bf60c4cd5e793bed6caa5060589a31f349342bd9f4bb70826a854419c32d	deepseek_harness_runtime/runtime/deepseek-harness-sdk-runtime-macos-arm64		2fb2db010d51e07388974013c29bf8cdc0c61a6e7367e7a36fd6b0c3fda99f4f	Primary native runtime payload added, removed, or changed; opaque, not executed; source/build mapping unavailable
0.1.1rc1	0.1.2a3	2707cd666ba49ee0963228873abf7850ca7ec5e782cca61e3603793bace0d1cf	fb82bf60c4cd5e793bed6caa5060589a31f349342bd9f4bb70826a854419c32d	deepseek_harness_runtime/runtime/deepseek-harness-sdk-runtime-macos-arm64-rg		6ef40346bf31fcce79d9614c7745c198542925a0c7d4911e1ffe794c53392ac1	Ripgrep support executable added or renamed with runtime transition; identity recorded, implementation opaque and not executed
0.1.1rc1	0.1.2a3	2707cd666ba49ee0963228873abf7850ca7ec5e782cca61e3603793bace0d1cf	fb82bf60c4cd5e793bed6caa5060589a31f349342bd9f4bb70826a854419c32d	deepseek_harness_runtime/runtime/deepseek-harness-sdk-runtime-macos-arm64-spawn-helper		08bc83a084651d095645010d34783f94b9af443614747e953e66d6578027e999	macOS process/PTY support helper changed or renamed; identity recorded, implementation opaque and not executed
0.1.1rc1	0.1.2a3	2707cd666ba49ee0963228873abf7850ca7ec5e782cca61e3603793bace0d1cf	fb82bf60c4cd5e793bed6caa5060589a31f349342bd9f4bb70826a854419c32d	deepseek_harness_runtime/runtime/dsh-jsonrpc-agent-pkg-macos-arm64	8f8014cc519e9c9df50c84714aed35ca417e8467b41401cf925fbb05341adf02		Primary native runtime payload added, removed, or changed; opaque, not executed; source/build mapping unavailable
0.1.1rc1	0.1.2a3	2707cd666ba49ee0963228873abf7850ca7ec5e782cca61e3603793bace0d1cf	fb82bf60c4cd5e793bed6caa5060589a31f349342bd9f4bb70826a854419c32d	deepseek_harness_runtime/runtime/dsh-jsonrpc-agent-pkg-macos-arm64-rg	6ef40346bf31fcce79d9614c7745c198542925a0c7d4911e1ffe794c53392ac1		Ripgrep support executable added or renamed with runtime transition; identity recorded, implementation opaque and not executed
0.1.1rc1	0.1.2a3	2707cd666ba49ee0963228873abf7850ca7ec5e782cca61e3603793bace0d1cf	fb82bf60c4cd5e793bed6caa5060589a31f349342bd9f4bb70826a854419c32d	deepseek_harness_runtime/runtime/dsh-jsonrpc-agent-pkg-macos-arm64-spawn-helper	08bc83a084651d095645010d34783f94b9af443614747e953e66d6578027e999		macOS process/PTY support helper changed or renamed; identity recorded, implementation opaque and not executed
0.1.1rc1	0.1.2a3	2707cd666ba49ee0963228873abf7850ca7ec5e782cca61e3603793bace0d1cf	fb82bf60c4cd5e793bed6caa5060589a31f349342bd9f4bb70826a854419c32d	deepseek_harness_runtime_bin-0.1.1rc1.dist-info/METADATA	66152df87e897f00c14c0185c7941cab304fdf64f2f99597489be32e50927389		Wheel distribution metadata or license changed; full bytes retained in inventory
0.1.1rc1	0.1.2a3	2707cd666ba49ee0963228873abf7850ca7ec5e782cca61e3603793bace0d1cf	fb82bf60c4cd5e793bed6caa5060589a31f349342bd9f4bb70826a854419c32d	deepseek_harness_runtime_bin-0.1.1rc1.dist-info/RECORD	4f51c53d6a3f3b4ede66ed95d3554f56543e00ddf0da45a3fec4c2c7e1128c16		Wheel distribution metadata or license changed; full bytes retained in inventory
0.1.1rc1	0.1.2a3	2707cd666ba49ee0963228873abf7850ca7ec5e782cca61e3603793bace0d1cf	fb82bf60c4cd5e793bed6caa5060589a31f349342bd9f4bb70826a854419c32d	deepseek_harness_runtime_bin-0.1.1rc1.dist-info/WHEEL	857af147fa865cc445426c997e1d96de7fcb03095c2afb8915efb1ddbf633d9f		Wheel distribution metadata or license changed; full bytes retained in inventory
0.1.1rc1	0.1.2a3	2707cd666ba49ee0963228873abf7850ca7ec5e782cca61e3603793bace0d1cf	fb82bf60c4cd5e793bed6caa5060589a31f349342bd9f4bb70826a854419c32d	deepseek_harness_runtime_bin-0.1.1rc1.dist-info/licenses/LICENSE	ebb4f09972aee8608be255debaf78451a68e95c290f55c240dec2ecfa16ea6be		Wheel distribution metadata or license changed; full bytes retained in inventory
0.1.1rc1	0.1.2a3	2707cd666ba49ee0963228873abf7850ca7ec5e782cca61e3603793bace0d1cf	fb82bf60c4cd5e793bed6caa5060589a31f349342bd9f4bb70826a854419c32d	deepseek_harness_runtime_bin-0.1.1rc1.dist-info/licenses/THIRD_PARTY_NOTICES.md	50c0b03d591244cdceb61c3bcb0db224e998388af6cbad8fa9d1e980440e25b3		Wheel distribution metadata or license changed; full bytes retained in inventory
0.1.1rc1	0.1.2a3	2707cd666ba49ee0963228873abf7850ca7ec5e782cca61e3603793bace0d1cf	fb82bf60c4cd5e793bed6caa5060589a31f349342bd9f4bb70826a854419c32d	deepseek_harness_runtime_bin-0.1.2a3.dist-info/METADATA		94c1c862dbab3f134e4cfa914d7f55a0bffc097ea47b686bdc24cb72c87a8865	Wheel distribution metadata or license changed; full bytes retained in inventory
0.1.1rc1	0.1.2a3	2707cd666ba49ee0963228873abf7850ca7ec5e782cca61e3603793bace0d1cf	fb82bf60c4cd5e793bed6caa5060589a31f349342bd9f4bb70826a854419c32d	deepseek_harness_runtime_bin-0.1.2a3.dist-info/RECORD		39fe8e76d802d50e83faec8847acba4d69fd37635b229e9e245d1e94a2d562b3	Wheel distribution metadata or license changed; full bytes retained in inventory
0.1.1rc1	0.1.2a3	2707cd666ba49ee0963228873abf7850ca7ec5e782cca61e3603793bace0d1cf	fb82bf60c4cd5e793bed6caa5060589a31f349342bd9f4bb70826a854419c32d	deepseek_harness_runtime_bin-0.1.2a3.dist-info/WHEEL		857af147fa865cc445426c997e1d96de7fcb03095c2afb8915efb1ddbf633d9f	Wheel distribution metadata or license changed; full bytes retained in inventory
0.1.1rc1	0.1.2a3	2707cd666ba49ee0963228873abf7850ca7ec5e782cca61e3603793bace0d1cf	fb82bf60c4cd5e793bed6caa5060589a31f349342bd9f4bb70826a854419c32d	deepseek_harness_runtime_bin-0.1.2a3.dist-info/entry_points.txt		24203f9e7f8569b83343ea0ca088c2c3990ed0707d27a88ba6f7b04cacd45a7e	SDK transition adds the dsh console entry point; subsequent versioned dist-info paths retain identical entry-point content
0.1.1rc1	0.1.2a3	2707cd666ba49ee0963228873abf7850ca7ec5e782cca61e3603793bace0d1cf	fb82bf60c4cd5e793bed6caa5060589a31f349342bd9f4bb70826a854419c32d	deepseek_harness_runtime_bin-0.1.2a3.dist-info/licenses/LICENSE		ebb4f09972aee8608be255debaf78451a68e95c290f55c240dec2ecfa16ea6be	Wheel distribution metadata or license changed; full bytes retained in inventory
0.1.1rc1	0.1.2a3	2707cd666ba49ee0963228873abf7850ca7ec5e782cca61e3603793bace0d1cf	fb82bf60c4cd5e793bed6caa5060589a31f349342bd9f4bb70826a854419c32d	deepseek_harness_runtime_bin-0.1.2a3.dist-info/licenses/THIRD_PARTY_NOTICES.md		45c3d5ad23ea58fe6aaa2703488f74f03ea53cc0fa80c1024c24d63670570779	Wheel distribution metadata or license changed; full bytes retained in inventory
0.1.2a3	0.1.2rc1	fb82bf60c4cd5e793bed6caa5060589a31f349342bd9f4bb70826a854419c32d	2cac2256cdebfda726c3378e24f4be31c0847aece7f2a7eb5a8523559f6b5894	deepseek_harness_runtime/runtime/deepseek-harness-sdk-runtime-macos-arm64	2fb2db010d51e07388974013c29bf8cdc0c61a6e7367e7a36fd6b0c3fda99f4f	e7e61d1ad7e4c87a6ffc10748770597fc06ef6abbf28923d58198a857f1a78f8	Primary native runtime payload added, removed, or changed; opaque, not executed; source/build mapping unavailable
0.1.2a3	0.1.2rc1	fb82bf60c4cd5e793bed6caa5060589a31f349342bd9f4bb70826a854419c32d	2cac2256cdebfda726c3378e24f4be31c0847aece7f2a7eb5a8523559f6b5894	deepseek_harness_runtime_bin-0.1.2a3.dist-info/METADATA	94c1c862dbab3f134e4cfa914d7f55a0bffc097ea47b686bdc24cb72c87a8865		Wheel distribution metadata or license changed; full bytes retained in inventory
0.1.2a3	0.1.2rc1	fb82bf60c4cd5e793bed6caa5060589a31f349342bd9f4bb70826a854419c32d	2cac2256cdebfda726c3378e24f4be31c0847aece7f2a7eb5a8523559f6b5894	deepseek_harness_runtime_bin-0.1.2a3.dist-info/RECORD	39fe8e76d802d50e83faec8847acba4d69fd37635b229e9e245d1e94a2d562b3		Wheel distribution metadata or license changed; full bytes retained in inventory
0.1.2a3	0.1.2rc1	fb82bf60c4cd5e793bed6caa5060589a31f349342bd9f4bb70826a854419c32d	2cac2256cdebfda726c3378e24f4be31c0847aece7f2a7eb5a8523559f6b5894	deepseek_harness_runtime_bin-0.1.2a3.dist-info/WHEEL	857af147fa865cc445426c997e1d96de7fcb03095c2afb8915efb1ddbf633d9f		Wheel distribution metadata or license changed; full bytes retained in inventory
0.1.2a3	0.1.2rc1	fb82bf60c4cd5e793bed6caa5060589a31f349342bd9f4bb70826a854419c32d	2cac2256cdebfda726c3378e24f4be31c0847aece7f2a7eb5a8523559f6b5894	deepseek_harness_runtime_bin-0.1.2a3.dist-info/entry_points.txt	24203f9e7f8569b83343ea0ca088c2c3990ed0707d27a88ba6f7b04cacd45a7e		SDK transition adds the dsh console entry point; subsequent versioned dist-info paths retain identical entry-point content
0.1.2a3	0.1.2rc1	fb82bf60c4cd5e793bed6caa5060589a31f349342bd9f4bb70826a854419c32d	2cac2256cdebfda726c3378e24f4be31c0847aece7f2a7eb5a8523559f6b5894	deepseek_harness_runtime_bin-0.1.2a3.dist-info/licenses/LICENSE	ebb4f09972aee8608be255debaf78451a68e95c290f55c240dec2ecfa16ea6be		Wheel distribution metadata or license changed; full bytes retained in inventory
0.1.2a3	0.1.2rc1	fb82bf60c4cd5e793bed6caa5060589a31f349342bd9f4bb70826a854419c32d	2cac2256cdebfda726c3378e24f4be31c0847aece7f2a7eb5a8523559f6b5894	deepseek_harness_runtime_bin-0.1.2a3.dist-info/licenses/THIRD_PARTY_NOTICES.md	45c3d5ad23ea58fe6aaa2703488f74f03ea53cc0fa80c1024c24d63670570779		Wheel distribution metadata or license changed; full bytes retained in inventory
0.1.2a3	0.1.2rc1	fb82bf60c4cd5e793bed6caa5060589a31f349342bd9f4bb70826a854419c32d	2cac2256cdebfda726c3378e24f4be31c0847aece7f2a7eb5a8523559f6b5894	deepseek_harness_runtime_bin-0.1.2rc1.dist-info/METADATA		347bdc01ba3cc696d69b0eef412ece8c0246e68c75693290e464332032b26c9a	Wheel distribution metadata or license changed; full bytes retained in inventory
0.1.2a3	0.1.2rc1	fb82bf60c4cd5e793bed6caa5060589a31f349342bd9f4bb70826a854419c32d	2cac2256cdebfda726c3378e24f4be31c0847aece7f2a7eb5a8523559f6b5894	deepseek_harness_runtime_bin-0.1.2rc1.dist-info/RECORD		8d9c476514a9fcb41bc492cca7b60af81dca1f0ef6e75949297950bbac3f309f	Wheel distribution metadata or license changed; full bytes retained in inventory
0.1.2a3	0.1.2rc1	fb82bf60c4cd5e793bed6caa5060589a31f349342bd9f4bb70826a854419c32d	2cac2256cdebfda726c3378e24f4be31c0847aece7f2a7eb5a8523559f6b5894	deepseek_harness_runtime_bin-0.1.2rc1.dist-info/WHEEL		857af147fa865cc445426c997e1d96de7fcb03095c2afb8915efb1ddbf633d9f	Wheel distribution metadata or license changed; full bytes retained in inventory
0.1.2a3	0.1.2rc1	fb82bf60c4cd5e793bed6caa5060589a31f349342bd9f4bb70826a854419c32d	2cac2256cdebfda726c3378e24f4be31c0847aece7f2a7eb5a8523559f6b5894	deepseek_harness_runtime_bin-0.1.2rc1.dist-info/entry_points.txt		24203f9e7f8569b83343ea0ca088c2c3990ed0707d27a88ba6f7b04cacd45a7e	SDK transition adds the dsh console entry point; subsequent versioned dist-info paths retain identical entry-point content
0.1.2a3	0.1.2rc1	fb82bf60c4cd5e793bed6caa5060589a31f349342bd9f4bb70826a854419c32d	2cac2256cdebfda726c3378e24f4be31c0847aece7f2a7eb5a8523559f6b5894	deepseek_harness_runtime_bin-0.1.2rc1.dist-info/licenses/LICENSE		ebb4f09972aee8608be255debaf78451a68e95c290f55c240dec2ecfa16ea6be	Wheel distribution metadata or license changed; full bytes retained in inventory
0.1.2a3	0.1.2rc1	fb82bf60c4cd5e793bed6caa5060589a31f349342bd9f4bb70826a854419c32d	2cac2256cdebfda726c3378e24f4be31c0847aece7f2a7eb5a8523559f6b5894	deepseek_harness_runtime_bin-0.1.2rc1.dist-info/licenses/THIRD_PARTY_NOTICES.md		45c3d5ad23ea58fe6aaa2703488f74f03ea53cc0fa80c1024c24d63670570779	Wheel distribution metadata or license changed; full bytes retained in inventory
0.1.2rc1	0.1.5rc1	2cac2256cdebfda726c3378e24f4be31c0847aece7f2a7eb5a8523559f6b5894	65f20c541a499f08c36ac3bfdafce350ca8c7cc23488c1faf4d9b9524b547156	deepseek_harness_runtime/__init__.py	782b2ae248cc9d2af5f174f1be82bc7ddab967baf3c83e29ebab920a940813d7	5f8b32eadf0cab61d5bebd6858bfa1b4a44393fcc6d58fc020618a5a86945334	Launcher adds Windows child wait/exit forwarding and widens macOS support to x64; POSIX still replaces itself with the selected runtime
0.1.2rc1	0.1.5rc1	2cac2256cdebfda726c3378e24f4be31c0847aece7f2a7eb5a8523559f6b5894	65f20c541a499f08c36ac3bfdafce350ca8c7cc23488c1faf4d9b9524b547156	deepseek_harness_runtime/runtime/deepseek-harness-sdk-runtime-macos-arm64	e7e61d1ad7e4c87a6ffc10748770597fc06ef6abbf28923d58198a857f1a78f8	6f98dfe1745f6c952c6157dfade5ac2c6a8aeb672291b2c0703b21adf11cf88c	Primary native runtime payload added, removed, or changed; opaque, not executed; source/build mapping unavailable
0.1.2rc1	0.1.5rc1	2cac2256cdebfda726c3378e24f4be31c0847aece7f2a7eb5a8523559f6b5894	65f20c541a499f08c36ac3bfdafce350ca8c7cc23488c1faf4d9b9524b547156	deepseek_harness_runtime_bin-0.1.2rc1.dist-info/METADATA	347bdc01ba3cc696d69b0eef412ece8c0246e68c75693290e464332032b26c9a		Wheel distribution metadata or license changed; full bytes retained in inventory
0.1.2rc1	0.1.5rc1	2cac2256cdebfda726c3378e24f4be31c0847aece7f2a7eb5a8523559f6b5894	65f20c541a499f08c36ac3bfdafce350ca8c7cc23488c1faf4d9b9524b547156	deepseek_harness_runtime_bin-0.1.2rc1.dist-info/RECORD	8d9c476514a9fcb41bc492cca7b60af81dca1f0ef6e75949297950bbac3f309f		Wheel distribution metadata or license changed; full bytes retained in inventory
0.1.2rc1	0.1.5rc1	2cac2256cdebfda726c3378e24f4be31c0847aece7f2a7eb5a8523559f6b5894	65f20c541a499f08c36ac3bfdafce350ca8c7cc23488c1faf4d9b9524b547156	deepseek_harness_runtime_bin-0.1.2rc1.dist-info/WHEEL	857af147fa865cc445426c997e1d96de7fcb03095c2afb8915efb1ddbf633d9f		Wheel distribution metadata or license changed; full bytes retained in inventory
0.1.2rc1	0.1.5rc1	2cac2256cdebfda726c3378e24f4be31c0847aece7f2a7eb5a8523559f6b5894	65f20c541a499f08c36ac3bfdafce350ca8c7cc23488c1faf4d9b9524b547156	deepseek_harness_runtime_bin-0.1.2rc1.dist-info/entry_points.txt	24203f9e7f8569b83343ea0ca088c2c3990ed0707d27a88ba6f7b04cacd45a7e		SDK transition adds the dsh console entry point; subsequent versioned dist-info paths retain identical entry-point content
0.1.2rc1	0.1.5rc1	2cac2256cdebfda726c3378e24f4be31c0847aece7f2a7eb5a8523559f6b5894	65f20c541a499f08c36ac3bfdafce350ca8c7cc23488c1faf4d9b9524b547156	deepseek_harness_runtime_bin-0.1.2rc1.dist-info/licenses/LICENSE	ebb4f09972aee8608be255debaf78451a68e95c290f55c240dec2ecfa16ea6be		Wheel distribution metadata or license changed; full bytes retained in inventory
0.1.2rc1	0.1.5rc1	2cac2256cdebfda726c3378e24f4be31c0847aece7f2a7eb5a8523559f6b5894	65f20c541a499f08c36ac3bfdafce350ca8c7cc23488c1faf4d9b9524b547156	deepseek_harness_runtime_bin-0.1.2rc1.dist-info/licenses/THIRD_PARTY_NOTICES.md	45c3d5ad23ea58fe6aaa2703488f74f03ea53cc0fa80c1024c24d63670570779		Wheel distribution metadata or license changed; full bytes retained in inventory
0.1.2rc1	0.1.5rc1	2cac2256cdebfda726c3378e24f4be31c0847aece7f2a7eb5a8523559f6b5894	65f20c541a499f08c36ac3bfdafce350ca8c7cc23488c1faf4d9b9524b547156	deepseek_harness_runtime_bin-0.1.5rc1.dist-info/METADATA		ad77b6b30470b139d94d33467cd3e2a2bfb2f6837afee9c81c4ee71a00eeaa6b	Wheel distribution metadata or license changed; full bytes retained in inventory
0.1.2rc1	0.1.5rc1	2cac2256cdebfda726c3378e24f4be31c0847aece7f2a7eb5a8523559f6b5894	65f20c541a499f08c36ac3bfdafce350ca8c7cc23488c1faf4d9b9524b547156	deepseek_harness_runtime_bin-0.1.5rc1.dist-info/RECORD		fabde4532ce6e855376949b07525722e09091ca4d2fd49583d41551fb4c8a879	Wheel distribution metadata or license changed; full bytes retained in inventory
0.1.2rc1	0.1.5rc1	2cac2256cdebfda726c3378e24f4be31c0847aece7f2a7eb5a8523559f6b5894	65f20c541a499f08c36ac3bfdafce350ca8c7cc23488c1faf4d9b9524b547156	deepseek_harness_runtime_bin-0.1.5rc1.dist-info/WHEEL		857af147fa865cc445426c997e1d96de7fcb03095c2afb8915efb1ddbf633d9f	Wheel distribution metadata or license changed; full bytes retained in inventory
0.1.2rc1	0.1.5rc1	2cac2256cdebfda726c3378e24f4be31c0847aece7f2a7eb5a8523559f6b5894	65f20c541a499f08c36ac3bfdafce350ca8c7cc23488c1faf4d9b9524b547156	deepseek_harness_runtime_bin-0.1.5rc1.dist-info/entry_points.txt		24203f9e7f8569b83343ea0ca088c2c3990ed0707d27a88ba6f7b04cacd45a7e	SDK transition adds the dsh console entry point; subsequent versioned dist-info paths retain identical entry-point content
0.1.2rc1	0.1.5rc1	2cac2256cdebfda726c3378e24f4be31c0847aece7f2a7eb5a8523559f6b5894	65f20c541a499f08c36ac3bfdafce350ca8c7cc23488c1faf4d9b9524b547156	deepseek_harness_runtime_bin-0.1.5rc1.dist-info/licenses/LICENSE		ebb4f09972aee8608be255debaf78451a68e95c290f55c240dec2ecfa16ea6be	Wheel distribution metadata or license changed; full bytes retained in inventory
0.1.2rc1	0.1.5rc1	2cac2256cdebfda726c3378e24f4be31c0847aece7f2a7eb5a8523559f6b5894	65f20c541a499f08c36ac3bfdafce350ca8c7cc23488c1faf4d9b9524b547156	deepseek_harness_runtime_bin-0.1.5rc1.dist-info/licenses/THIRD_PARTY_NOTICES.md		33cef3c1707e1443c8919116b70b5b116519c7117d00b8d05475b31458ac9991	Wheel distribution metadata or license changed; full bytes retained in inventory
