version	wheel_sha256	wheel_bytes	member_path	member_bytes	member_sha256
0.1.0rc6	2bbd65edd52dfc340d74f88a890e8031a272a820e58406c2de1f5f5dee51bd9f	52313658	deepseek_harness_runtime/__init__.py	6757	5c4fa9e88d7a72d40371bc36bdcfc51601f9d46b5e626d0c1ed8704647219152
0.1.0rc6	2bbd65edd52dfc340d74f88a890e8031a272a820e58406c2de1f5f5dee51bd9f	52313658	deepseek_harness_runtime/deepseek-harness-runtime.json	62	ec73c74ade71bd942dc9937ef927bcb44240ee22041bf76237ac78824ce63ede
0.1.0rc6	2bbd65edd52dfc340d74f88a890e8031a272a820e58406c2de1f5f5dee51bd9f	52313658	deepseek_harness_runtime/runtime/cordis.yml	1891	048031be7331f2b68c81b3cbfacacc06ee767dae1e8f00cbdc3137c1e55001af
0.1.0rc6	2bbd65edd52dfc340d74f88a890e8031a272a820e58406c2de1f5f5dee51bd9f	52313658	deepseek_harness_runtime/runtime/dsh-jsonrpc-agent-pkg-macos-arm64	200248448	ac1c91462518427467bd0a0ca3bf1049df62be0dbe8b0ee8014c6761cb8f80bf
0.1.0rc6	2bbd65edd52dfc340d74f88a890e8031a272a820e58406c2de1f5f5dee51bd9f	52313658	deepseek_harness_runtime/runtime/dsh-jsonrpc-agent-pkg-macos-arm64-spawn-helper	50480	21c589109bca43e287df884f3c34ab888033a83927ea7d273949ac5030583f26
0.1.0rc6	2bbd65edd52dfc340d74f88a890e8031a272a820e58406c2de1f5f5dee51bd9f	52313658	deepseek_harness_runtime_bin-0.1.0rc6.dist-info/METADATA	6439	4faa23ede31d0526015f140d035a7dea492a44e756fca4f1100b4ba09398e93c
0.1.0rc6	2bbd65edd52dfc340d74f88a890e8031a272a820e58406c2de1f5f5dee51bd9f	52313658	deepseek_harness_runtime_bin-0.1.0rc6.dist-info/RECORD	1104	affdedef169eaa020c117d35c6ef4e990e454acfdda89c38f04f3718e1ec075b
0.1.0rc6	2bbd65edd52dfc340d74f88a890e8031a272a820e58406c2de1f5f5dee51bd9f	52313658	deepseek_harness_runtime_bin-0.1.0rc6.dist-info/WHEEL	102	857af147fa865cc445426c997e1d96de7fcb03095c2afb8915efb1ddbf633d9f
0.1.0rc6	2bbd65edd52dfc340d74f88a890e8031a272a820e58406c2de1f5f5dee51bd9f	52313658	deepseek_harness_runtime_bin-0.1.0rc6.dist-info/licenses/LICENSE	1065	ebb4f09972aee8608be255debaf78451a68e95c290f55c240dec2ecfa16ea6be
0.1.0rc6	2bbd65edd52dfc340d74f88a890e8031a272a820e58406c2de1f5f5dee51bd9f	52313658	deepseek_harness_runtime_bin-0.1.0rc6.dist-info/licenses/THIRD_PARTY_NOTICES.md	15850	61f68731049dbea19ba91ad8cf363dd2778c5f7b1f9a63496a6a62c1129eefee
0.1.0rc7	39ae51dec905c496ede69250d51b02a424a6c96829feb2ad7e01b3cec97a3255	52067269	deepseek_harness_runtime/__init__.py	6757	5c4fa9e88d7a72d40371bc36bdcfc51601f9d46b5e626d0c1ed8704647219152
0.1.0rc7	39ae51dec905c496ede69250d51b02a424a6c96829feb2ad7e01b3cec97a3255	52067269	deepseek_harness_runtime/deepseek-harness-runtime.json	62	ec73c74ade71bd942dc9937ef927bcb44240ee22041bf76237ac78824ce63ede
0.1.0rc7	39ae51dec905c496ede69250d51b02a424a6c96829feb2ad7e01b3cec97a3255	52067269	deepseek_harness_runtime/runtime/cordis.yml	1891	048031be7331f2b68c81b3cbfacacc06ee767dae1e8f00cbdc3137c1e55001af
0.1.0rc7	39ae51dec905c496ede69250d51b02a424a6c96829feb2ad7e01b3cec97a3255	52067269	deepseek_harness_runtime/runtime/dsh-jsonrpc-agent-pkg-macos-arm64	199723136	3599d21730c28f0a52015be8b24104c2c20fbab76377259793936df416f799d5
0.1.0rc7	39ae51dec905c496ede69250d51b02a424a6c96829feb2ad7e01b3cec97a3255	52067269	deepseek_harness_runtime/runtime/dsh-jsonrpc-agent-pkg-macos-arm64-spawn-helper	50480	08bc83a084651d095645010d34783f94b9af443614747e953e66d6578027e999
0.1.0rc7	39ae51dec905c496ede69250d51b02a424a6c96829feb2ad7e01b3cec97a3255	52067269	deepseek_harness_runtime_bin-0.1.0rc7.dist-info/METADATA	6439	5c3872684ac46e7c10663b13427e6e714ad23484c14a659e71d113876ecb94b2
0.1.0rc7	39ae51dec905c496ede69250d51b02a424a6c96829feb2ad7e01b3cec97a3255	52067269	deepseek_harness_runtime_bin-0.1.0rc7.dist-info/RECORD	1104	f97ecc4dba89992d4f8e009825dd3b48a49419db3c1f0214e2f592a4d26d968e
0.1.0rc7	39ae51dec905c496ede69250d51b02a424a6c96829feb2ad7e01b3cec97a3255	52067269	deepseek_harness_runtime_bin-0.1.0rc7.dist-info/WHEEL	102	857af147fa865cc445426c997e1d96de7fcb03095c2afb8915efb1ddbf633d9f
0.1.0rc7	39ae51dec905c496ede69250d51b02a424a6c96829feb2ad7e01b3cec97a3255	52067269	deepseek_harness_runtime_bin-0.1.0rc7.dist-info/licenses/LICENSE	1065	ebb4f09972aee8608be255debaf78451a68e95c290f55c240dec2ecfa16ea6be
0.1.0rc7	39ae51dec905c496ede69250d51b02a424a6c96829feb2ad7e01b3cec97a3255	52067269	deepseek_harness_runtime_bin-0.1.0rc7.dist-info/licenses/THIRD_PARTY_NOTICES.md	15874	4a2ff8717eeb94173df9f98316437ce6e0817f740cd1e23098d5b29a3e72791a
0.1.1rc1	2707cd666ba49ee0963228873abf7850ca7ec5e782cca61e3603793bace0d1cf	55190958	deepseek_harness_runtime/__init__.py	7068	d20ce13535423c98d775c303931af5c59b584971e9ee101de33523ac384b326b
0.1.1rc1	2707cd666ba49ee0963228873abf7850ca7ec5e782cca61e3603793bace0d1cf	55190958	deepseek_harness_runtime/deepseek-harness-runtime.json	62	ec73c74ade71bd942dc9937ef927bcb44240ee22041bf76237ac78824ce63ede
0.1.1rc1	2707cd666ba49ee0963228873abf7850ca7ec5e782cca61e3603793bace0d1cf	55190958	deepseek_harness_runtime/runtime/cordis.yml	1891	048031be7331f2b68c81b3cbfacacc06ee767dae1e8f00cbdc3137c1e55001af
0.1.1rc1	2707cd666ba49ee0963228873abf7850ca7ec5e782cca61e3603793bace0d1cf	55190958	deepseek_harness_runtime/runtime/dsh-jsonrpc-agent-pkg-macos-arm64	205764224	8f8014cc519e9c9df50c84714aed35ca417e8467b41401cf925fbb05341adf02
0.1.1rc1	2707cd666ba49ee0963228873abf7850ca7ec5e782cca61e3603793bace0d1cf	55190958	deepseek_harness_runtime/runtime/dsh-jsonrpc-agent-pkg-macos-arm64-rg	4528512	6ef40346bf31fcce79d9614c7745c198542925a0c7d4911e1ffe794c53392ac1
0.1.1rc1	2707cd666ba49ee0963228873abf7850ca7ec5e782cca61e3603793bace0d1cf	55190958	deepseek_harness_runtime/runtime/dsh-jsonrpc-agent-pkg-macos-arm64-spawn-helper	50480	08bc83a084651d095645010d34783f94b9af443614747e953e66d6578027e999
0.1.1rc1	2707cd666ba49ee0963228873abf7850ca7ec5e782cca61e3603793bace0d1cf	55190958	deepseek_harness_runtime_bin-0.1.1rc1.dist-info/METADATA	7038	66152df87e897f00c14c0185c7941cab304fdf64f2f99597489be32e50927389
0.1.1rc1	2707cd666ba49ee0963228873abf7850ca7ec5e782cca61e3603793bace0d1cf	55190958	deepseek_harness_runtime_bin-0.1.1rc1.dist-info/RECORD	1233	4f51c53d6a3f3b4ede66ed95d3554f56543e00ddf0da45a3fec4c2c7e1128c16
0.1.1rc1	2707cd666ba49ee0963228873abf7850ca7ec5e782cca61e3603793bace0d1cf	55190958	deepseek_harness_runtime_bin-0.1.1rc1.dist-info/WHEEL	102	857af147fa865cc445426c997e1d96de7fcb03095c2afb8915efb1ddbf633d9f
0.1.1rc1	2707cd666ba49ee0963228873abf7850ca7ec5e782cca61e3603793bace0d1cf	55190958	deepseek_harness_runtime_bin-0.1.1rc1.dist-info/licenses/LICENSE	1065	ebb4f09972aee8608be255debaf78451a68e95c290f55c240dec2ecfa16ea6be
0.1.1rc1	2707cd666ba49ee0963228873abf7850ca7ec5e782cca61e3603793bace0d1cf	55190958	deepseek_harness_runtime_bin-0.1.1rc1.dist-info/licenses/THIRD_PARTY_NOTICES.md	15936	50c0b03d591244cdceb61c3bcb0db224e998388af6cbad8fa9d1e980440e25b3
0.1.2a3	fb82bf60c4cd5e793bed6caa5060589a31f349342bd9f4bb70826a854419c32d	72547112	deepseek_harness_runtime/__init__.py	7188	782b2ae248cc9d2af5f174f1be82bc7ddab967baf3c83e29ebab920a940813d7
0.1.2a3	fb82bf60c4cd5e793bed6caa5060589a31f349342bd9f4bb70826a854419c32d	72547112	deepseek_harness_runtime/deepseek-harness-runtime.json	62	ec73c74ade71bd942dc9937ef927bcb44240ee22041bf76237ac78824ce63ede
0.1.2a3	fb82bf60c4cd5e793bed6caa5060589a31f349342bd9f4bb70826a854419c32d	72547112	deepseek_harness_runtime/runtime/deepseek-harness-sdk-runtime-macos-arm64	260549968	2fb2db010d51e07388974013c29bf8cdc0c61a6e7367e7a36fd6b0c3fda99f4f
0.1.2a3	fb82bf60c4cd5e793bed6caa5060589a31f349342bd9f4bb70826a854419c32d	72547112	deepseek_harness_runtime/runtime/deepseek-harness-sdk-runtime-macos-arm64-rg	4528512	6ef40346bf31fcce79d9614c7745c198542925a0c7d4911e1ffe794c53392ac1
0.1.2a3	fb82bf60c4cd5e793bed6caa5060589a31f349342bd9f4bb70826a854419c32d	72547112	deepseek_harness_runtime/runtime/deepseek-harness-sdk-runtime-macos-arm64-spawn-helper	50480	08bc83a084651d095645010d34783f94b9af443614747e953e66d6578027e999
0.1.2a3	fb82bf60c4cd5e793bed6caa5060589a31f349342bd9f4bb70826a854419c32d	72547112	deepseek_harness_runtime_bin-0.1.2a3.dist-info/METADATA	4731	94c1c862dbab3f134e4cfa914d7f55a0bffc097ea47b686bdc24cb72c87a8865
0.1.2a3	fb82bf60c4cd5e793bed6caa5060589a31f349342bd9f4bb70826a854419c32d	72547112	deepseek_harness_runtime_bin-0.1.2a3.dist-info/RECORD	1267	39fe8e76d802d50e83faec8847acba4d69fd37635b229e9e245d1e94a2d562b3
0.1.2a3	fb82bf60c4cd5e793bed6caa5060589a31f349342bd9f4bb70826a854419c32d	72547112	deepseek_harness_runtime_bin-0.1.2a3.dist-info/WHEEL	102	857af147fa865cc445426c997e1d96de7fcb03095c2afb8915efb1ddbf633d9f
0.1.2a3	fb82bf60c4cd5e793bed6caa5060589a31f349342bd9f4bb70826a854419c32d	72547112	deepseek_harness_runtime_bin-0.1.2a3.dist-info/entry_points.txt	54	24203f9e7f8569b83343ea0ca088c2c3990ed0707d27a88ba6f7b04cacd45a7e
0.1.2a3	fb82bf60c4cd5e793bed6caa5060589a31f349342bd9f4bb70826a854419c32d	72547112	deepseek_harness_runtime_bin-0.1.2a3.dist-info/licenses/LICENSE	1065	ebb4f09972aee8608be255debaf78451a68e95c290f55c240dec2ecfa16ea6be
0.1.2a3	fb82bf60c4cd5e793bed6caa5060589a31f349342bd9f4bb70826a854419c32d	72547112	deepseek_harness_runtime_bin-0.1.2a3.dist-info/licenses/THIRD_PARTY_NOTICES.md	17494	45c3d5ad23ea58fe6aaa2703488f74f03ea53cc0fa80c1024c24d63670570779
0.1.2rc1	2cac2256cdebfda726c3378e24f4be31c0847aece7f2a7eb5a8523559f6b5894	72523836	deepseek_harness_runtime/__init__.py	7188	782b2ae248cc9d2af5f174f1be82bc7ddab967baf3c83e29ebab920a940813d7
0.1.2rc1	2cac2256cdebfda726c3378e24f4be31c0847aece7f2a7eb5a8523559f6b5894	72523836	deepseek_harness_runtime/deepseek-harness-runtime.json	62	ec73c74ade71bd942dc9937ef927bcb44240ee22041bf76237ac78824ce63ede
0.1.2rc1	2cac2256cdebfda726c3378e24f4be31c0847aece7f2a7eb5a8523559f6b5894	72523836	deepseek_harness_runtime/runtime/deepseek-harness-sdk-runtime-macos-arm64	260270896	e7e61d1ad7e4c87a6ffc10748770597fc06ef6abbf28923d58198a857f1a78f8
0.1.2rc1	2cac2256cdebfda726c3378e24f4be31c0847aece7f2a7eb5a8523559f6b5894	72523836	deepseek_harness_runtime/runtime/deepseek-harness-sdk-runtime-macos-arm64-rg	4528512	6ef40346bf31fcce79d9614c7745c198542925a0c7d4911e1ffe794c53392ac1
0.1.2rc1	2cac2256cdebfda726c3378e24f4be31c0847aece7f2a7eb5a8523559f6b5894	72523836	deepseek_harness_runtime/runtime/deepseek-harness-sdk-runtime-macos-arm64-spawn-helper	50480	08bc83a084651d095645010d34783f94b9af443614747e953e66d6578027e999
0.1.2rc1	2cac2256cdebfda726c3378e24f4be31c0847aece7f2a7eb5a8523559f6b5894	72523836	deepseek_harness_runtime_bin-0.1.2rc1.dist-info/METADATA	4732	347bdc01ba3cc696d69b0eef412ece8c0246e68c75693290e464332032b26c9a
0.1.2rc1	2cac2256cdebfda726c3378e24f4be31c0847aece7f2a7eb5a8523559f6b5894	72523836	deepseek_harness_runtime_bin-0.1.2rc1.dist-info/RECORD	1273	8d9c476514a9fcb41bc492cca7b60af81dca1f0ef6e75949297950bbac3f309f
0.1.2rc1	2cac2256cdebfda726c3378e24f4be31c0847aece7f2a7eb5a8523559f6b5894	72523836	deepseek_harness_runtime_bin-0.1.2rc1.dist-info/WHEEL	102	857af147fa865cc445426c997e1d96de7fcb03095c2afb8915efb1ddbf633d9f
0.1.2rc1	2cac2256cdebfda726c3378e24f4be31c0847aece7f2a7eb5a8523559f6b5894	72523836	deepseek_harness_runtime_bin-0.1.2rc1.dist-info/entry_points.txt	54	24203f9e7f8569b83343ea0ca088c2c3990ed0707d27a88ba6f7b04cacd45a7e
0.1.2rc1	2cac2256cdebfda726c3378e24f4be31c0847aece7f2a7eb5a8523559f6b5894	72523836	deepseek_harness_runtime_bin-0.1.2rc1.dist-info/licenses/LICENSE	1065	ebb4f09972aee8608be255debaf78451a68e95c290f55c240dec2ecfa16ea6be
0.1.2rc1	2cac2256cdebfda726c3378e24f4be31c0847aece7f2a7eb5a8523559f6b5894	72523836	deepseek_harness_runtime_bin-0.1.2rc1.dist-info/licenses/THIRD_PARTY_NOTICES.md	17494	45c3d5ad23ea58fe6aaa2703488f74f03ea53cc0fa80c1024c24d63670570779
0.1.5rc1	65f20c541a499f08c36ac3bfdafce350ca8c7cc23488c1faf4d9b9524b547156	75545685	deepseek_harness_runtime/__init__.py	7378	5f8b32eadf0cab61d5bebd6858bfa1b4a44393fcc6d58fc020618a5a86945334
0.1.5rc1	65f20c541a499f08c36ac3bfdafce350ca8c7cc23488c1faf4d9b9524b547156	75545685	deepseek_harness_runtime/deepseek-harness-runtime.json	62	ec73c74ade71bd942dc9937ef927bcb44240ee22041bf76237ac78824ce63ede
0.1.5rc1	65f20c541a499f08c36ac3bfdafce350ca8c7cc23488c1faf4d9b9524b547156	75545685	deepseek_harness_runtime/runtime/deepseek-harness-sdk-runtime-macos-arm64	267562544	6f98dfe1745f6c952c6157dfade5ac2c6a8aeb672291b2c0703b21adf11cf88c
0.1.5rc1	65f20c541a499f08c36ac3bfdafce350ca8c7cc23488c1faf4d9b9524b547156	75545685	deepseek_harness_runtime/runtime/deepseek-harness-sdk-runtime-macos-arm64-rg	4528512	6ef40346bf31fcce79d9614c7745c198542925a0c7d4911e1ffe794c53392ac1
0.1.5rc1	65f20c541a499f08c36ac3bfdafce350ca8c7cc23488c1faf4d9b9524b547156	75545685	deepseek_harness_runtime/runtime/deepseek-harness-sdk-runtime-macos-arm64-spawn-helper	50480	08bc83a084651d095645010d34783f94b9af443614747e953e66d6578027e999
0.1.5rc1	65f20c541a499f08c36ac3bfdafce350ca8c7cc23488c1faf4d9b9524b547156	75545685	deepseek_harness_runtime_bin-0.1.5rc1.dist-info/METADATA	4854	ad77b6b30470b139d94d33467cd3e2a2bfb2f6837afee9c81c4ee71a00eeaa6b
0.1.5rc1	65f20c541a499f08c36ac3bfdafce350ca8c7cc23488c1faf4d9b9524b547156	75545685	deepseek_harness_runtime_bin-0.1.5rc1.dist-info/RECORD	1273	fabde4532ce6e855376949b07525722e09091ca4d2fd49583d41551fb4c8a879
0.1.5rc1	65f20c541a499f08c36ac3bfdafce350ca8c7cc23488c1faf4d9b9524b547156	75545685	deepseek_harness_runtime_bin-0.1.5rc1.dist-info/WHEEL	102	857af147fa865cc445426c997e1d96de7fcb03095c2afb8915efb1ddbf633d9f
0.1.5rc1	65f20c541a499f08c36ac3bfdafce350ca8c7cc23488c1faf4d9b9524b547156	75545685	deepseek_harness_runtime_bin-0.1.5rc1.dist-info/entry_points.txt	54	24203f9e7f8569b83343ea0ca088c2c3990ed0707d27a88ba6f7b04cacd45a7e
0.1.5rc1	65f20c541a499f08c36ac3bfdafce350ca8c7cc23488c1faf4d9b9524b547156	75545685	deepseek_harness_runtime_bin-0.1.5rc1.dist-info/licenses/LICENSE	1065	ebb4f09972aee8608be255debaf78451a68e95c290f55c240dec2ecfa16ea6be
0.1.5rc1	65f20c541a499f08c36ac3bfdafce350ca8c7cc23488c1faf4d9b9524b547156	75545685	deepseek_harness_runtime_bin-0.1.5rc1.dist-info/licenses/THIRD_PARTY_NOTICES.md	18487	33cef3c1707e1443c8919116b70b5b116519c7117d00b8d05475b31458ac9991
