source_commit	source_path	bytes	sha256
639ed015397290b3745d163aafe02ffee4aa3f84	apps/cli/package.json	7473	96845d9efaa4ab078f1405fbe28445b606b5ab79377fd607866dd46b0c0b52c1
639ed015397290b3745d163aafe02ffee4aa3f84	apps/cli/src/bin.ts	2800	7081b6503a635eb6c6d9c3e4619e740afe157252b246aa17acbf1a1ceec54c88
639ed015397290b3745d163aafe02ffee4aa3f84	apps/cli/src/profile-boot.ts	14227	6c750b3c838e42de921bbe9816aed1d8955526c90fccaece8c06969faa9830e6
639ed015397290b3745d163aafe02ffee4aa3f84	packages/sdk/server/package.json	2041	de9c72d68b3c55d5ff6594964f97e1eedeab5565cfd8a6b3bac2812d41186fba
639ed015397290b3745d163aafe02ffee4aa3f84	packages/sdk/server/src/index.ts	4443	8ce9469392abfb957e1c01f9e0d213852c28a2efd09ea6077e62d04e4722f028
639ed015397290b3745d163aafe02ffee4aa3f84	packages/sdk/server/src/server.ts	12621	489ad060e5ca17901ac5336f9b7871b7397d1476e1258f69b0f3b22dba6f4238
639ed015397290b3745d163aafe02ffee4aa3f84	packages/sdk/protocol/package.json	1237	867cb30d0f83652f1d7e9874acbfeed3fe09d83f77674f0df7a6bc2cf3d84a34
639ed015397290b3745d163aafe02ffee4aa3f84	packages/sdk/protocol/src/types.ts	4783	9a9ab6172ff2a45b7a07adf75611aa8f42ae1bb98bd4ad598d8bdc5f618053d7
639ed015397290b3745d163aafe02ffee4aa3f84	packages/sdk/protocol/src/transport.ts	9557	7aed4460d1bccc9bc525d2c54f2220ba5360ae529cb86711eb043ad7471c45ac
639ed015397290b3745d163aafe02ffee4aa3f84	packages/bundle/sdk-app/package.json	1387	f56d2d7345f2c4b4c0faae43b234c943cb7a37f3a6582b46b3f74ead03f0b11b
639ed015397290b3745d163aafe02ffee4aa3f84	packages/bundle/sdk-app/cordis.patch.yml	1818	df3fd271ebc2d9bde61affc63eca3cc233a42c9af892faa37f92641cb089b6ba
639ed015397290b3745d163aafe02ffee4aa3f84	packages/bundle/sdk-app/src/index.ts	2151	8a026c7c9e4e0468a3d107571f95bb5b627953ea99893a222e71f933207aea43
639ed015397290b3745d163aafe02ffee4aa3f84	packages/bundle/base/package.json	6106	93fc313c8e48ef8bfedd836e96a76ab25f9168aec47143c3fac8d5bd8d90b83f
639ed015397290b3745d163aafe02ffee4aa3f84	packages/bundle/base/cordis.patch.yml	20780	9c2be64f46a193eff3cca190c26e697e8e8eee25c9b40149dfdb56f8142c252d
639ed015397290b3745d163aafe02ffee4aa3f84	python/sdk-runtime/pyproject.toml	1351	b86eb8aa9c45d08d4acb8b6b642045041511871b6f1b1a531ecd5bee70c994e1
639ed015397290b3745d163aafe02ffee4aa3f84	python/sdk-runtime/README.md	7354	310bf1187742fd36c1e8865265366526efbcedaf2feede4f6927868d55b44e1b
639ed015397290b3745d163aafe02ffee4aa3f84	python/sdk-runtime/src/deepseek_harness_runtime/__init__.py	8513	81f8baea0e0b61aa1502b0d125c7d779d863dd786cb6753ed31ca8682141ce29
639ed015397290b3745d163aafe02ffee4aa3f84	python/sdk-runtime/hatch_build.py	5539	e1565069add5ac1f24d813a8dd5684871b32a4b8c1cc4034e5f07adcccddabd3
639ed015397290b3745d163aafe02ffee4aa3f84	scripts/build-exe-for-python-sdk.ts	27969	34f5c0d126fd157f0271982d39e75827872192accad730dbb0ae62f2a66b967c
